id,subreddit,created_utc,Victim's gender,Contact and Platform Migration(S2),Trust Building(S1),Private Content Capture(S4),Coercion and Victim Response(S5),Cross-reality Harm(S6),Identity Binding(S3),paid
id0001,Sextortion,2025/12/15 13:56,0,0,0,1,1,0,1,0
id0002,Sextortion,2025/12/13 5:40,male,0,0,1,1,0,1,0
id0003,Sextortion,2025/12/8 10:10,male,0,0,1,1,0,0,0
id0004,Sextortion,2025/12/6 19:51,male,1,1,1,1,0,1,0
id0005,Sextortion,2025/12/6 0:06,male,0,0,1,1,0,1,0
id0006,Sextortion,2025/12/3 0:17,0,0,1,1,1,0,1,many times
id0007,Sextortion,2025/11/20 23:14,0,0,0,1,1,0,1,0
id0008,Sextortion,2025/11/12 4:59,0,0,0,1,1,0,1,0
id0009,Sextortion,2025/11/11 14:15,0,0,0,1,1,0,1,0
id0010,Sextortion,2025/11/11 2:02,0,0,0,1,1,0,1,1
id0011,Sextortion,2025/11/10 14:54,0,0,0,1,1,0,1,0
id0012,Sextortion,2025/10/27 20:28,0,1,0,1,1,1,1,0
id0013,Sextortion,2025/10/26 17:23,male,0,0,1,1,0,0,1
id0014,Sextortion,2025/10/17 0:50,male,0,1,1,0,1,1,many times
id0015,Sextortion,2025/10/16 19:48,0,0,1,1,0,1,1,0
id0016,Sextortion,2025/10/16 8:38,male,0,0,1,1,1,0,0
id0017,Sextortion,2025/10/14 5:50,male,1,1,1,1,1,1,0
id0018,Sextortion,2025/10/13 20:41,male,0,0,1,1,1,1,0
id0019,Sextortion,2025/9/30 23:14,0,1,1,1,0,0,0,0
id0020,Sextortion,2025/9/30 0:52,male,0,1,1,1,1,1,0
id0021,Sextortion,2025/9/29 5:41,male,0,0,1,0,1,0,0
id0022,Sextortion,2025/9/28 20:14,male,0,0,1,0,1,0,1
id0023,Sextortion,2025/9/25 1:47,male,0,1,1,1,1,0,0
id0024,Sextortion,2025/9/7 21:42,male,0,0,1,0,1,0,0
id0025,SextortionHelp,2025/9/5 6:08,0,0,0,1,0,0,1,0
id0026,Sextortion,2025/8/31 8:48,male,0,0,1,0,0,0,0
id0027,Sextortion,2025/8/24 3:39,male,0,0,1,1,1,1,0
id0028,Sextortion,2025/8/23 14:17,male,0,0,1,0,1,0,0
id0029,Sextortion,2025/8/22 8:12,male,0,0,1,0,0,0,0
id0030,Sextortion,2025/8/21 4:07,male,0,0,1,0,0,0,0
id0031,Sextortion,2025/8/18 0:36,male,1,1,1,1,1,1,0
id0032,Sextortion,2025/8/10 1:27,male,0,1,1,0,0,0,0
id0033,Sextortion,2025/8/9 23:08,male,1,1,1,1,1,1,0
id0034,Sextortion,2025/8/8 6:02,male,0,0,1,1,1,0,0
id0035,Sextortion,2025/8/7 5:52,male,0,1,1,1,1,1,0
id0036,SextortionHelp,2025/7/31 17:43,male,0,1,1,1,0,0,0
id0037,Sextortion,2025/7/31 4:08,male,0,0,1,0,0,0,0
id0038,Sextortion,2025/7/30 14:33,male,0,0,1,1,0,1,1
id0039,Sextortion,2025/7/28 14:00,male,1,1,1,1,1,0,many times
id0040,Sextortion,2025/7/27 21:47,male,0,0,1,0,1,0,1
id0041,Sextortion,2025/7/23 7:37,0,0,1,1,0,0,1,0
id0042,Sextortion,2025/7/21 15:17,male,0,0,1,0,0,0,0
id0043,Sextortion,2025/7/19 3:31,male,0,0,1,0,0,0,0
id0044,Sextortion,2025/7/6 5:45,male,1,0,1,1,1,1,0
id0045,Sextortion,2025/7/5 0:34,male,0,1,1,1,1,1,0
id0046,Sextortion,2025/7/3 19:22,male,0,0,1,0,0,0,0
id0047,Sextortion,2025/7/3 8:59,male,0,0,1,0,0,0,0
id0048,Sextortion,2025/6/27 19:53,male,0,0,1,1,1,1,0
id0049,Sextortion,2025/6/19 19:29,male,0,0,1,0,0,0,0
id0050,Sextortion,2025/6/12 13:18,male,1,1,1,1,0,1,0
id0051,Sextortion,2025/6/11 0:44,male,0,1,1,0,0,0,0
id0052,Sextortion,2025/6/6 3:01,male,0,1,1,0,0,1,0
id0053,Sextortion,2025/6/6 0:25,male,0,0,1,1,1,0,0
id0054,Sextortion,2025/6/5 18:27,male,1,0,1,1,0,1,many times
id0055,Sextortion,2025/6/4 9:54,male,0,0,1,1,0,1,0
id0056,Sextortion,2025/6/2 7:09,male,0,1,1,0,0,0,0
id0057,Sextortion,2025/5/31 13:18,male,1,0,1,1,0,0,0
id0058,Sextortion,2025/5/30 18:30,male,1,1,1,1,0,1,many times
id0059,Sextortion,2025/5/29 2:37,male,0,0,1,0,1,1,0
id0060,Sextortion,2025/5/28 10:15,0,0,0,1,1,0,0,0
id0061,Sextortion,2025/5/24 9:08,male,0,0,1,1,1,1,0
id0062,Sextortion,2025/5/23 22:15,male,0,0,1,0,0,1,0
id0063,Sextortion,2025/5/19 18:18,male,0,1,0,0,0,0,0
id0064,Sextortion,2025/5/12 21:04,male,1,1,1,1,0,0,0
id0065,Sextortion,2025/5/8 1:03,male,0,1,1,1,1,1,many times
id0066,Sextortion,2025/4/12 11:35,male,0,0,1,1,0,1,0
id0067,Sextortion,2025/4/1 14:48,male,0,1,1,1,1,1,1
id0068,Sextortion,2025/3/31 7:55,male,0,1,1,1,1,0,1
id0069,Sextortion,2025/3/22 18:02,male,0,1,0,1,1,1,0
id0070,Sextortion,2025/3/19 17:32,male,0,1,1,1,1,1,0
id0071,Sextortion,2025/3/5 2:11,male,0,1,1,1,1,1,1
id0072,Sextortion,2025/2/27 17:10,male,0,1,1,1,1,1,0
id0073,Sextortion,2025/2/27 5:55,male,0,1,1,1,1,1,many times
id0074,Sextortion,2025/2/16 22:13,male,0,0,1,0,1,0,0
id0075,Sextortion,2025/2/16 0:37,male,0,0,1,1,1,1,0
id0076,Sextortion,2025/2/12 17:10,male,1,1,1,1,1,0,0
id0077,Sextortion,2025/2/7 9:36,male,0,1,1,1,1,1,1
id0078,Sextortion,2025/2/5 21:49,male,0,0,1,1,1,0,0
id0079,Sextortion,2025/2/2 22:50,male,1,1,1,1,1,0,0
id0080,Sextortion,2025/1/28 12:10,male,0,1,0,0,1,0,0
id0081,Sextortion,2025/1/26 21:31,male,1,1,1,0,1,1,0
id0082,Sextortion,2025/1/23 3:48,male,0,0,1,0,0,0,0
id0083,Sextortion,2025/1/8 14:02,0,0,0,1,1,0,0,0
id0084,Sextortion,2025/1/4 21:32,male,0,1,1,1,1,0,1
id0085,Sextortion,2025/1/2 4:40,male,0,0,1,0,1,0,0
id0086,Sextortion,2025/1/1 7:29,0,1,1,0,0,0,0,0
id0087,Sextortion,2024/12/30 19:23,male,1,0,1,1,1,1,0
id0088,Sextortion,2024/12/22 19:13,male,1,0,1,1,0,1,0
id0089,Sextortion,2024/12/14 23:22,male,0,1,1,1,1,1,0
id0090,Sextortion,2024/12/12 15:06,0,0,1,1,1,1,1,1
id0091,Sextortion,2024/12/10 4:32,male,0,0,1,1,1,1,0
id0092,Sextortion,2024/12/8 21:26,male,0,1,0,1,0,0,0
id0093,Sextortion,2024/12/7 15:00,male,0,1,1,1,1,1,1
id0094,Sextortion,2024/12/1 17:21,male,0,0,1,1,1,1,0
id0095,Sextortion,2024/11/30 23:31,male,0,0,1,0,0,0,0
id0096,Sextortion,2024/11/12 11:23,male,0,0,1,1,1,1,0
id0097,Sextortion,2024/11/9 23:10,male,0,0,1,0,0,0,0
id0098,Sextortion,2024/11/9 7:38,male,0,0,1,1,1,1,0
id0099,Sextortion,2024/11/4 0:36,0,0,0,1,0,0,0,0
id0100,Sextortion,2024/11/3 12:09,female,1,1,1,1,1,1,1
id0101,Sextortion,2024/11/3 4:13,male,1,1,1,1,1,1,0
id0102,Sextortion,2024/11/2 13:29,male,0,0,1,0,1,0,0
id0103,Sextortion,2024/10/30 6:21,male,0,0,1,0,1,0,0
id0104,Sextortion,2024/10/25 4:37,0,1,1,1,1,1,1,0
id0105,Sextortion,2024/10/24 8:05,male,0,0,1,0,0,0,1
id0106,Sextortion,2024/10/20 20:10,male,0,1,1,1,1,1,0
id0107,Sextortion,2024/10/19 20:27,male,0,0,1,1,1,1,0
id0108,Sextortion,2024/10/19 18:59,male,0,1,1,0,0,0,0
id0109,Sextortion,2024/10/16 5:30,male,0,0,1,0,0,0,0
id0110,Sextortion,2024/10/8 19:45,male,1,1,1,1,1,1,1
id0111,Sextortion,2024/10/6 1:57,male,1,0,1,1,1,1,1
id0112,Sextortion,2024/9/23 23:38,male,0,0,1,1,1,1,0
id0113,Sextortion,2024/9/22 16:20,male,1,0,1,1,1,1,0
id0114,Sextortion,2024/9/22 3:34,male,0,0,1,1,1,1,0
id0115,Sextortion,2024/9/21 2:23,male,0,0,1,1,1,0,1
id0116,Sextortion,2024/9/13 2:44,male,0,0,1,1,1,0,0
id0117,Sextortion,2024/9/9 4:52,male,0,0,1,1,1,0,0
id0118,Sextortion,2024/8/29 16:02,male,0,0,1,0,0,0,0
id0119,Sextortion,2024/8/24 7:12,male,1,0,1,1,1,1,0
id0120,Sextortion,2024/8/24 5:53,male,1,0,1,1,1,1,1
id0121,Sextortion,2024/8/22 19:25,male,0,0,1,1,1,1,1
id0122,Sextortion,2024/8/19 17:45,male,0,0,1,1,1,1,0
id0123,Sextortion,2024/7/30 23:58,male,0,0,1,0,0,0,0
id0124,Sextortion,2024/7/29 3:54,male,0,0,1,1,1,0,1
id0125,Sextortion,2024/7/23 7:26,male,0,1,1,1,1,1,1
id0126,Sextortion,2024/7/21 0:28,male,0,0,1,0,0,0,0
id0127,Sextortion,2024/7/17 4:30,male,1,0,1,0,0,0,0
id0128,Sextortion,2024/7/16 23:36,male,1,1,1,1,1,1,0
id0129,Sextortion,2024/7/15 2:54,0,1,0,1,0,0,0,0
id0130,Sextortion,2024/7/14 18:21,male,0,0,1,0,0,0,0
id0131,Sextortion,2024/7/13 22:28,male,0,0,1,0,0,0,0
id0132,Sextortion,2024/7/12 14:31,0,1,0,1,1,1,1,0
id0133,Sextortion,2024/7/9 3:04,male,0,0,1,0,1,0,0
id0134,Sextortion,2024/7/9 2:44,male,1,1,1,1,1,1,0
id0135,Sextortion,2024/7/4 2:26,0,0,1,1,1,1,1,0
id0136,Sextortion,2024/7/1 16:46,0,0,0,1,0,0,0,0
id0137,Sextortion,2024/6/27 10:47,0,0,0,1,1,1,0,0
id0138,Sextortion,2024/6/26 23:43,0,0,0,1,0,1,0,0
id0139,Sextortion,2024/6/23 12:10,male,1,1,1,0,0,0,0
id0140,Sextortion,2024/6/22 16:42,male,1,1,1,1,1,1,1
id0141,Sextortion,2024/6/21 1:02,male,1,1,1,1,1,1,1
id0142,Sextortion,2024/6/19 12:26,male,0,0,1,0,0,0,1
id0143,Sextortion,2024/6/15 18:56,male,0,1,1,0,0,0,0
id0144,Sextortion,2024/6/15 18:37,male,0,0,1,1,1,1,1
id0145,Sextortion,2024/6/13 4:28,0,0,1,1,1,1,1,0
id0146,Sextortion,2024/6/12 19:34,male,0,0,1,1,1,1,0
id0147,Sextortion,2024/6/11 17:40,male,0,0,1,1,1,1,0
id0148,Sextortion,2024/6/11 10:45,male,0,0,1,1,1,0,0
id0149,Sextortion,2024/6/9 7:43,0,0,1,0,0,0,0,0
id0150,Sextortion,2024/6/4 7:09,male,0,0,1,1,1,1,0
id0151,Sextortion,2024/6/3 22:17,0,0,0,1,1,1,1,1
id0152,Sextortion,2024/6/2 2:21,male,0,0,1,1,1,1,0
id0153,Sextortion,2024/5/29 3:07,male,0,1,1,1,1,1,0
id0154,Sextortion,2024/5/22 5:23,male,0,0,1,1,1,1,1
id0155,Sextortion,2024/5/19 3:20,male,0,0,1,1,1,1,1
id0156,Sextortion,2024/5/16 23:27,male,0,0,1,0,1,1,0
id0157,Sextortion,2024/5/16 21:18,male,0,0,1,1,1,1,1
id0158,Sextortion,2024/5/16 4:16,male,0,0,1,1,1,1,0
id0159,Sextortion,2024/5/12 23:42,male,0,0,1,1,1,1,1
id0160,Sextortion,2024/5/12 6:28,male,0,0,1,1,1,0,1
id0161,Sextortion,2024/5/10 23:14,0,0,0,1,0,1,1,0
id0162,Sextortion,2024/5/8 1:48,male,0,0,1,1,1,0,0
id0163,Sextortion,2024/5/5 4:23,male,0,0,1,1,1,1,0
id0164,Sextortion,2024/4/29 15:39,male,1,0,1,1,1,1,0
id0165,Sextortion,2024/4/28 6:51,male,0,1,1,0,1,1,0
id0166,Sextortion,2024/4/27 19:55,0,0,0,1,1,1,1,0
id0167,Sextortion,2024/4/25 10:23,male,0,0,1,1,1,1,0
id0168,Sextortion,2024/4/25 1:05,male,1,1,0,0,0,0,0
id0169,Sextortion,2024/4/21 23:43,male,0,0,1,1,1,1,0
id0170,Sextortion,2024/4/21 11:27,male,0,1,1,1,0,1,1
id0171,Sextortion,2024/4/20 15:23,male,0,0,1,1,0,1,0
id0172,Sextortion,2024/4/20 9:57,male,1,1,1,1,1,1,1
id0173,Sextortion,2025/12/14 13:12,0,0,0,1,1,0,0,0
id0174,Sextortion,2025/12/14 7:44,0,0,1,1,1,1,1,0
id0175,Sextortion,2025/12/14 3:34,0,0,0,1,1,1,0,0
id0176,Sextortion,2025/12/13 9:27,0,0,0,1,1,1,0,0
id0177,Sextortion,2025/12/11 15:27,male,0,1,1,1,1,1,0
id0178,Sextortion,2025/12/11 13:26,0,0,0,1,1,0,1,1
id0179,Sextortion,2025/12/11 6:54,0,0,0,1,1,0,0,0
id0180,Sextortion,2025/12/10 8:37,0,0,1,1,1,0,1,0
id0181,Sextortion,2025/12/9 22:45,male,0,1,1,1,1,1,0
id0182,Sextortion,2025/12/9 15:18,0,0,0,1,1,1,0,0
id0183,Sextortion,2025/12/8 14:04,female,1,1,1,0,1,0,0
id0184,Sextortion,2025/12/7 11:27,male,0,1,1,1,1,1,0
id0185,Sextortion,2025/12/7 4:35,male,0,0,1,1,1,0,0
id0186,Sextortion,2025/12/6 15:09,male,0,1,1,1,1,0,0
id0187,Sextortion,2025/12/6 11:09,0,1,0,1,1,1,0,0
id0188,Sextortion,2025/12/5 21:37,0,0,0,1,0,1,1,1
id0189,Sextortion,2025/12/5 16:57,male,0,0,1,1,1,1,0
id0190,Sextortion,2025/12/5 12:55,male,1,1,1,0,0,0,0
id0191,Sextortion,2025/12/5 9:30,0,0,0,0,1,0,0,0
id0192,Sextortion,2025/12/5 2:33,0,0,1,0,1,1,0,0
id0193,Sextortion,2025/12/4 20:50,0,0,0,1,1,1,1,0
id0194,Sextortion,2025/12/4 20:26,male,0,0,1,1,1,1,0
id0195,Sextortion,2025/12/3 23:44,male,0,0,1,1,1,1,0
id0196,Sextortion,2025/12/3 21:48,male,0,0,1,0,0,0,0
id0197,Sextortion,2025/12/3 15:26,male,0,0,1,1,0,0,0
id0198,Sextortion,2025/12/2 22:13,male,0,0,1,1,1,0,0
id0199,Sextortion,2025/12/2 9:34,male,0,0,1,1,0,0,1
id0200,Sextortion,2025/12/2 5:47,male,0,0,1,1,1,1,0
id0201,Sextortion,2025/11/30 19:35,male,0,1,1,1,1,0,0
id0202,Sextortion,2025/11/29 15:53,male,0,1,1,1,1,0,1
id0203,Sextortion,2025/11/29 15:15,male,0,1,1,1,1,0,0
id0204,Sextortion,2025/11/29 0:08,0,0,1,1,1,1,0,0
id0205,Sextortion,2025/11/28 20:06,0,0,0,0,0,1,0,0
id0206,Sextortion,2025/11/28 9:40,0,0,0,1,1,1,1,0
id0207,Sextortion,2025/11/28 3:31,0,0,0,1,1,1,1,0
id0208,Sextortion,2025/11/27 23:45,0,0,0,1,1,1,1,0
id0209,Sextortion,2025/11/27 19:52,0,0,1,1,1,0,1,0
id0210,Sextortion,2025/11/27 11:06,0,0,1,1,1,0,0,0
id0211,Sextortion,2025/11/27 9:21,male,0,1,1,1,1,1,0
id0212,Sextortion,2025/11/27 1:49,0,0,0,1,1,1,0,0
id0213,Sextortion,2025/11/26 17:30,0,0,0,1,1,1,1,0
id0214,Sextortion,2025/11/26 6:42,0,1,1,1,1,1,1,0
id0215,Sextortion,2025/11/26 5:51,0,0,1,1,1,1,1,0
id0216,Sextortion,2025/11/26 5:44,0,0,0,0,1,1,0,0
id0217,Sextortion,2025/11/26 3:52,0,1,1,1,1,1,0,1
id0218,Sextortion,2025/11/24 21:45,male,0,1,1,0,1,1,0
id0219,Sextortion,2025/11/24 14:48,female,1,1,1,0,1,1,0
id0220,Sextortion,2025/11/24 9:49,male,0,1,1,0,1,0,0
id0221,Sextortion,2025/11/23 14:50,0,0,0,1,1,1,1,many times
id0222,SextortionHelp,2025/11/22 21:28,male,0,0,1,1,1,0,0
id0223,Sextortion,2025/11/22 1:18,0,0,1,1,1,1,1,0
id0224,Sextortion,2025/11/21 23:47,0,0,1,0,1,1,1,1
id0225,Sextortion,2025/11/19 21:20,male,0,1,1,1,1,1,1
id0226,Sextortion,2025/11/19 17:07,male,0,1,1,1,1,1,0
id0227,Sextortion,2025/11/19 2:54,0,0,1,1,1,1,1,0
id0228,Sextortion,2025/11/18 20:32,0,0,1,1,1,1,1,1
id0229,Sextortion,2025/11/18 6:00,0,0,0,1,1,1,1,0
id0230,Sextortion,2025/11/18 3:49,0,0,0,1,1,0,1,0
id0231,Sextortion,2025/11/18 2:40,0,0,0,1,1,0,1,0
id0232,Sextortion,2025/11/18 2:21,male,0,0,1,0,1,0,0
id0233,Sextortion,2025/11/15 3:43,0,0,1,1,1,0,1,0
id0234,Sextortion,2025/11/14 22:41,0,1,1,1,1,0,0,0
id0235,Sextortion,2025/11/14 20:57,0,0,0,1,1,0,0,0
id0236,Sextortion,2025/11/14 17:43,female,0,1,1,0,1,0,0
id0237,Sextortion,2025/11/12 1:55,0,0,0,1,1,0,1,1
id0238,Sextortion,2025/11/11 19:41,0,1,1,1,1,0,1,0
id0239,Sextortion,2025/11/10 2:44,0,0,0,1,1,0,0,0
id0240,Sextortion,2025/11/10 2:01,male,1,1,1,1,0,1,0
id0241,Sextortion,2025/11/10 1:04,0,1,1,1,1,0,1,0
id0242,Sextortion,2025/11/9 9:51,0,0,1,1,1,0,1,1
id0243,Sextortion,2025/11/8 23:57,0,0,0,1,1,1,1,0
id0244,Sextortion,2025/11/8 18:20,male,0,0,1,0,1,1,0
id0245,Sextortion,2025/11/8 3:32,male,1,1,1,1,0,1,0
id0246,Sextortion,2025/11/8 2:29,male,0,1,0,1,1,1,0
id0247,Sextortion,2025/11/6 13:07,0,0,0,1,1,0,1,0
id0248,Sextortion,2025/11/6 9:48,0,0,0,1,1,0,0,0
id0249,Sextortion,2025/11/6 3:03,0,0,0,1,1,0,0,0
id0250,Sextortion,2025/11/5 13:37,0,1,1,1,1,0,0,0
id0251,Sextortion,2025/11/4 11:47,male,0,0,1,0,0,1,0
id0252,Sextortion,2025/11/4 1:38,0,0,0,1,0,0,0,0
id0253,Sextortion,2025/11/3 21:15,0,0,1,1,1,1,1,0
id0254,Sextortion,2025/11/3 14:12,0,1,1,1,1,1,1,1
id0255,Sextortion,2025/11/3 14:09,male,0,0,0,1,1,0,0
id0256,Sextortion,2025/11/3 12:04,0,0,0,1,0,1,1,0
id0257,Sextortion,2025/11/2 12:02,female,0,0,1,0,1,0,0
id0258,Sextortion,2025/11/2 8:52,0,0,0,0,0,1,0,1
id0259,Sextortion,2025/10/30 18:49,0,0,0,1,0,1,1,0
id0260,Sextortion,2025/10/29 18:26,male,0,0,1,0,1,1,1
id0261,Sextortion,2025/10/28 22:51,0,0,1,1,1,1,1,1
id0262,Sextortion,2025/10/28 1:22,male,0,0,1,1,0,1,0
id0263,Sextortion,2025/10/27 18:10,0,0,0,1,0,1,1,1
id0264,Sextortion,2025/10/26 23:30,0,1,0,1,0,1,0,0
id0265,Sextortion,2025/10/26 21:56,male,0,1,1,1,1,0,0
id0266,Sextortion,2025/10/26 2:48,0,0,1,1,0,1,0,0
id0267,Sextortion,2025/10/25 15:52,0,0,0,1,0,1,1,1
id0268,Sextortion,2025/10/23 20:34,0,1,0,1,0,1,0,0
id0269,Sextortion,2025/10/22 23:00,male,1,1,1,1,0,0,0
id0270,Sextortion,2025/10/22 19:22,male,0,0,1,0,0,0,0
id0271,Sextortion,2025/10/22 13:31,male,0,0,1,0,1,0,0
id0272,Sextortion,2025/10/22 2:24,male,0,0,1,0,1,0,0
id0273,Sextortion,2025/10/21 12:46,0,0,0,1,0,0,0,1
id0274,Sextortion,2025/10/21 4:31,0,1,1,1,0,1,1,1
id0275,Sextortion,2025/10/20 21:02,0,0,1,1,1,1,0,1
id0276,Sextortion,2025/10/20 2:41,female,0,1,1,0,1,0,0
id0277,Sextortion,2025/10/19 10:37,0,0,0,1,0,1,1,0
id0278,Sextortion,2025/10/18 15:43,0,1,1,1,1,1,1,1
id0279,Sextortion,2025/10/18 13:11,0,0,0,1,0,1,1,0
id0280,Sextortion,2025/10/18 1:43,0,0,0,0,0,1,1,0
id0281,Sextortion,2025/10/16 18:51,male,0,0,1,0,1,1,0
id0282,Sextortion,2025/10/16 15:08,0,0,1,0,0,1,0,0
id0283,Sextortion,2025/10/16 12:59,male,0,0,1,0,0,0,0
id0284,Sextortion,2025/10/14 7:22,0,0,0,1,0,1,0,1
id0285,Sextortion,2025/10/14 4:06,0,0,0,1,0,1,1,0
id0286,Sextortion,2025/10/13 16:21,0,0,0,1,1,1,1,1
id0287,Sextortion,2025/10/13 14:51,0,0,0,1,0,1,0,0
id0288,Sextortion,2025/10/13 12:55,0,0,0,1,0,1,0,0
id0289,Sextortion,2025/10/13 11:44,0,0,0,0,0,0,1,0
id0290,Sextortion,2025/10/13 8:19,0,0,0,1,0,1,1,1
id0291,Sextortion,2025/10/12 7:26,0,0,0,1,0,0,0,0
id0292,Sextortion,2025/10/12 1:50,0,0,0,1,0,0,1,1
id0293,Sextortion,2025/10/11 11:57,0,0,0,1,1,1,1,1
id0294,Sextortion,2025/10/11 4:26,0,0,1,1,0,1,1,0
id0295,Sextortion,2025/10/10 23:49,0,0,0,0,0,1,0,0
id0296,Sextortion,2025/10/9 14:31,male,0,0,1,0,1,1,1
id0297,Sextortion,2025/10/9 8:52,0,0,0,1,1,0,1,0
id0298,Sextortion,2025/10/9 0:13,0,0,1,1,0,1,0,0
id0299,Sextortion,2025/10/6 22:05,0,0,0,0,0,1,0,0
id0300,Sextortion,2025/10/6 19:40,0,0,0,1,0,1,0,0
id0301,Sextortion,2025/10/6 6:52,0,0,0,1,0,1,1,0
id0302,Sextortion,2025/10/5 9:14,0,0,0,1,0,1,1,0
id0303,Sextortion,2025/10/4 18:32,male,0,1,1,1,1,1,0
id0304,Sextortion,2025/10/4 5:17,male,0,1,1,0,1,0,0
id0305,Sextortion,2025/9/29 17:04,0,0,1,1,1,1,1,1
id0306,Sextortion,2025/9/29 17:04,0,0,1,1,1,1,1,1
id0307,Sextortion,2025/9/29 12:16,male,0,0,1,1,1,1,0
id0308,Sextortion,2025/9/28 17:21,0,0,0,0,0,0,1,0
id0309,Sextortion,2025/9/28 12:28,0,0,1,0,0,0,0,0
id0310,Sextortion,2025/9/28 6:06,0,0,1,0,0,1,1,1
id0311,Sextortion,2025/9/27 20:51,0,1,1,0,0,1,1,0
id0312,Sextortion,2025/9/27 17:22,0,0,0,0,0,0,1,1
id0313,Sextortion,2025/9/27 14:36,0,0,1,0,0,1,1,0
id0314,Sextortion,2025/9/26 21:59,male,0,1,1,0,0,0,0
id0315,Sextortion,2025/9/25 23:09,0,0,0,0,0,1,1,1
id0316,Sextortion,2025/9/25 14:24,0,0,0,1,0,1,1,1
id0317,Sextortion,2025/9/24 22:26,0,0,0,1,0,1,1,1
id0318,Sextortion,2025/9/23 0:39,0,0,0,1,1,0,0,0
id0319,Sextortion,2025/9/22 22:45,0,0,0,1,1,1,0,1
id0320,Sextortion,2025/9/22 15:18,0,0,0,1,1,1,1,0
id0321,Sextortion,2025/9/22 7:33,0,0,0,1,1,1,1,0
id0322,Sextortion,2025/9/22 6:05,0,0,0,1,1,1,0,0
id0323,Sextortion,2025/9/21 23:55,male,0,0,1,1,0,0,0
id0324,Sextortion,2025/9/21 18:03,male,0,1,1,1,1,1,0
id0325,Sextortion,2025/9/21 17:28,male,0,0,1,1,1,0,0
id0326,Sextortion,2025/9/21 2:10,male,0,1,1,1,1,1,1
id0327,Sextortion,2025/9/20 20:22,0,0,0,1,1,1,1,1
id0328,Sextortion,2025/9/20 2:10,0,0,1,1,0,0,1,1
id0329,Sextortion,2025/9/19 21:00,0,0,1,1,1,1,0,0
id0330,Sextortion,2025/9/19 6:29,male,0,0,1,0,0,0,0
id0331,Sextortion,2025/9/18 15:15,0,0,0,1,1,0,0,0
id0332,Sextortion,2025/9/18 14:19,0,0,0,1,0,0,1,1
id0333,Sextortion,2025/9/18 13:56,0,0,0,1,1,1,1,1
id0334,Sextortion,2025/9/17 16:43,0,0,0,1,1,0,0,1
id0335,Sextortion,2025/9/17 15:02,0,0,1,1,1,0,0,0
id0336,Sextortion,2025/9/16 19:53,0,0,0,1,1,1,0,0
id0337,Sextortion,2025/9/16 5:44,0,0,0,1,1,0,0,0
id0338,Sextortion,2025/9/15 20:24,0,0,0,0,0,1,0,0
id0339,Sextortion,2025/9/15 5:44,0,0,1,1,1,0,0,1
id0340,Sextortion,2025/9/15 4:21,0,0,0,1,1,1,1,1
id0341,Sextortion,2025/9/15 3:26,0,1,1,1,1,1,1,1
id0342,Sextortion,2025/9/15 1:58,0,0,0,1,1,0,0,0
id0343,Sextortion,2025/9/13 4:23,0,0,0,1,1,1,1,0
id0344,Sextortion,2025/9/12 23:33,0,0,0,1,1,1,1,0
id0345,Sextortion,2025/9/11 6:16,0,0,0,1,1,0,0,0
id0346,Sextortion,2025/9/11 4:48,0,1,1,1,1,1,1,1
id0347,Sextortion,2025/9/10 12:42,male,0,1,1,1,1,1,1
id0348,Sextortion,2025/9/10 4:50,0,0,1,1,1,1,1,0
id0349,Sextortion,2025/9/9 14:16,0,1,0,1,1,1,1,0
id0350,Sextortion,2025/9/9 11:31,0,0,0,1,0,1,0,1
id0351,Sextortion,2025/9/9 0:21,0,0,0,1,1,1,1,1
id0352,SextortionHelp,2025/7/9 3:56,0,1,1,1,1,0,1,0
id0353,SextortionHelp,2025/7/1 17:47,0,0,1,1,1,1,1,0
id0354,SextortionHelp,2025/6/12 17:29,male,0,0,0,0,1,0,1
id0355,Sextortion,2024/2/13 9:39,0,0,0,0,1,0,0,0
id0356,Sextortion,2024/1/7 18:26,0,0,0,0,0,0,1,0
id0357,Sextortion,2025/12/15 10:53,0,0,0,1,1,1,1,0
id0358,Sextortion,2025/12/15 8:20,male,0,1,1,1,1,1,0
id0359,Sextortion,2025/12/15 7:04,0,0,0,1,1,1,0,1
id0360,Sextortion,2025/12/15 3:25,0,0,0,1,1,0,0,0
id0361,Sextortion,2025/12/14 16:34,0,1,0,1,1,0,1,0
id0362,Sextortion,2025/12/14 16:09,0,1,0,1,0,0,1,0
id0363,Sextortion,2025/12/13 23:34,0,0,0,0,0,0,1,0
id0364,Sextortion,2025/12/13 20:11,0,1,0,1,1,0,1,0
id0365,Sextortion,2025/12/13 6:57,0,1,0,1,1,0,1,0
id0366,Sextortion,2025/12/13 5:40,0,1,0,1,0,0,0,0
id0367,Sextortion,2025/12/12 20:24,0,1,0,1,1,0,0,0
id0368,Sextortion,2025/12/12 18:51,0,1,0,1,1,0,1,0
id0369,Sextortion,2025/12/12 15:03,0,1,1,1,1,0,1,1
id0370,Sextortion,2025/12/12 9:53,0,1,0,1,1,0,0,0
id0371,Sextortion,2025/12/11 22:48,0,1,0,1,1,0,0,1
id0372,Sextortion,2025/12/11 16:15,0,1,0,1,1,0,1,1
id0373,Sextortion,2025/12/11 16:08,0,1,0,1,1,0,1,1
id0374,Sextortion,2025/12/11 4:22,0,1,1,1,1,0,1,0
id0375,Sextortion,2025/12/11 0:41,0,1,0,1,1,0,1,1
id0376,Sextortion,2025/12/10 22:20,0,1,0,1,1,0,1,0
id0377,Sextortion,2025/12/10 18:29,0,1,0,1,1,0,1,0
id0378,Sextortion,2025/12/9 5:00,0,1,0,1,1,0,0,0
id0379,Sextortion,2025/12/9 0:35,0,1,0,1,1,1,1,0
id0380,Sextortion,2025/12/8 9:43,0,1,0,1,1,0,1,0
id0381,Sextortion,2025/12/7 21:52,0,1,0,1,1,1,0,1
id0382,Sextortion,2025/12/6 22:05,0,1,0,1,1,0,1,1
id0383,Sextortion,2025/12/6 11:51,0,1,1,1,1,0,1,1
id0384,Sextortion,2025/12/5 20:52,0,1,0,1,1,0,1,0
id0385,Sextortion,2025/12/5 6:59,0,1,0,1,1,0,1,1
id0386,Sextortion,2025/12/5 3:09,0,1,0,1,1,0,0,1
id0387,Sextortion,2025/12/4 23:30,0,1,0,1,1,0,1,0
id0388,Sextortion,2025/12/4 22:00,0,1,0,1,1,0,1,0
id0389,Sextortion,2025/12/4 5:45,0,1,1,1,1,0,1,0
id0390,Sextortion,2025/12/4 2:17,male,1,0,1,1,0,1,0
id0391,Sextortion,2025/12/3 16:42,0,1,0,1,1,0,1,1
id0392,Sextortion,2025/12/3 16:38,0,1,1,1,1,0,1,1
id0393,Sextortion,2025/12/1 4:07,0,1,0,1,1,0,1,0
id0394,Sextortion,2025/11/30 18:51,0,1,0,1,1,0,1,0
id0395,Sextortion,2025/11/30 10:39,0,1,0,1,1,0,1,0
id0396,Sextortion,2025/11/29 19:08,0,1,0,1,1,0,1,0
id0397,Sextortion,2025/11/29 0:52,0,1,1,1,1,0,1,0
id0398,Sextortion,2025/11/28 23:33,0,1,1,1,1,0,1,0
id0399,Sextortion,2025/11/28 23:03,0,1,1,1,1,0,1,1
id0400,Sextortion,2025/11/28 14:03,0,1,0,1,1,0,1,1
id0401,Sextortion,2025/11/28 10:05,0,1,0,1,1,0,1,0
id0402,Sextortion,2025/11/28 0:20,0,1,0,1,1,0,0,0
id0403,Sextortion,2025/11/28 0:13,0,1,0,1,1,0,1,0
id0404,Sextortion,2025/11/27 23:10,0,1,0,1,1,0,1,0
id0405,Sextortion,2025/11/27 0:40,0,1,1,1,1,1,1,0
id0406,Sextortion,2025/11/26 18:14,0,1,0,1,1,0,0,0
id0407,Sextortion,2025/11/25 16:15,0,1,0,1,1,0,0,0
id0408,Sextortion,2025/11/25 4:46,0,1,0,1,1,0,1,0
id0409,Sextortion,2025/11/24 23:16,0,1,0,1,1,0,0,1
id0410,Sextortion,2025/11/24 19:36,0,1,0,1,1,0,1,0
id0411,Sextortion,2025/11/24 18:16,0,1,0,1,1,0,1,0
id0412,Sextortion,2025/11/24 14:44,0,1,0,1,1,0,1,0
id0413,Sextortion,2025/11/23 20:28,0,1,0,1,1,0,1,1
id0414,Sextortion,2025/11/23 2:26,0,1,0,1,1,0,1,1
id0415,Sextortion,2025/11/21 20:21,0,1,0,1,1,0,0,0
id0416,Sextortion,2025/11/21 19:16,0,1,0,1,1,0,1,0
id0417,Sextortion,2025/11/20 13:56,0,1,0,1,1,1,1,1
id0418,Sextortion,2025/11/20 3:39,0,1,1,1,1,0,1,1
id0419,Sextortion,2025/11/20 2:37,0,1,0,1,1,0,0,0
id0420,Sextortion,2025/11/19 16:13,0,1,0,1,1,0,1,0
id0421,Sextortion,2025/11/18 17:08,0,1,0,1,1,0,1,0
id0422,Sextortion,2025/11/17 16:08,0,1,0,1,1,0,1,1
id0423,Sextortion,2025/11/17 6:31,0,1,1,1,1,1,1,1
id0424,Sextortion,2025/11/16 18:31,0,1,0,1,1,0,0,0
id0425,Sextortion,2025/11/16 11:28,0,1,0,1,1,0,1,0
id0426,Sextortion,2025/11/14 13:04,0,1,0,1,1,0,1,0
id0427,Sextortion,2025/11/13 13:35,0,1,0,1,1,0,1,0
id0428,Sextortion,2025/11/13 9:43,0,1,0,1,1,0,0,0
id0429,Sextortion,2025/11/13 8:25,0,1,1,1,1,0,1,0
id0430,Sextortion,2025/11/13 2:23,0,1,0,1,1,0,0,0
id0431,Sextortion,2025/11/13 2:06,0,1,0,1,1,0,1,0
id0432,Sextortion,2025/11/13 0:02,0,1,0,1,1,0,1,1
id0433,Sextortion,2025/11/12 22:49,0,1,0,1,1,0,1,0
id0434,Sextortion,2025/11/11 20:56,0,0,0,0,0,0,1,0
id0435,Sextortion,2025/11/11 16:27,0,1,0,1,1,0,0,0
id0436,Sextortion,2025/11/11 15:52,0,1,0,1,1,0,1,0
id0437,Sextortion,2025/11/11 4:18,0,1,0,1,1,0,1,1
id0438,Sextortion,2025/11/10 23:39,0,1,0,1,1,0,0,0
id0439,Sextortion,2025/11/10 21:03,0,1,0,1,1,0,1,0
id0440,Sextortion,2025/11/10 0:57,0,1,1,1,1,0,1,0
id0441,Sextortion,2025/11/9 22:15,0,1,1,1,1,0,0,0
id0442,Sextortion,2025/11/9 5:36,0,1,1,1,1,0,1,0
id0443,Sextortion,2025/11/8 19:17,0,1,1,1,1,0,1,0
id0444,Sextortion,2025/11/8 13:02,0,1,0,1,0,0,1,0
id0445,Sextortion,2025/11/8 7:17,0,1,1,1,1,0,1,0
id0446,Sextortion,2025/11/8 2:57,0,1,1,1,1,0,1,0
id0447,Sextortion,2025/11/8 1:50,0,1,1,1,1,0,1,0
id0448,Sextortion,2025/11/7 22:22,0,1,1,1,1,0,0,0
id0449,Sextortion,2025/11/7 16:20,0,1,0,0,0,0,0,0
id0450,Sextortion,2025/11/7 4:40,0,1,0,1,1,0,1,0
id0451,Sextortion,2025/11/7 0:27,0,1,1,1,1,1,1,1
id0452,Sextortion,2025/11/6 21:39,0,1,1,1,1,1,1,0
id0453,Sextortion,2025/11/6 8:40,0,1,1,1,1,0,1,1
id0454,Sextortion,2025/11/6 8:19,0,0,1,1,1,0,1,0
id0455,Sextortion,2025/11/6 6:09,0,1,1,1,1,0,1,1
id0456,Sextortion,2025/11/6 4:14,0,1,0,1,1,0,1,many times
id0457,Sextortion,2025/11/5 17:14,0,1,1,1,1,0,1,0
id0458,Sextortion,2025/11/5 8:08,0,0,0,1,1,0,1,0
id0459,Sextortion,2025/11/4 1:43,0,1,1,1,1,0,1,0
id0460,Sextortion,2025/11/3 3:12,0,1,1,1,1,0,1,1
id0461,Sextortion,2025/11/3 1:17,female,0,1,1,1,1,1,0
id0462,Sextortion,2025/11/2 13:18,female,0,0,1,1,1,1,0
id0463,Sextortion,2025/11/1 2:28,0,1,1,1,1,0,1,1
id0464,Sextortion,2025/10/30 19:34,0,1,1,1,1,0,1,1
id0465,Sextortion,2025/10/30 16:08,0,1,1,1,1,0,1,0
id0466,Sextortion,2025/10/30 10:14,0,1,1,1,1,0,1,0
id0467,Sextortion,2025/10/30 9:53,0,1,1,1,1,0,1,0
id0468, and then she messages my main insta profile in a gc with some friends and threatens to send it to my school and everything. I blocked and have been spam reporting since to try and get the gc deleted or something. Just wondering what to do from here?,,0,1,1,1,1,0,1,0
id0469,Sextortion,2025/10/30 5:16,0,1,1,1,1,0,1,1
id0470,Sextortion,2025/10/30 2:55,0,1,1,1,1,0,1,0
id0471,Sextortion,2025/10/29 19:51,0,1,1,1,1,0,1,1
id0472,Sextortion,2025/10/29 5:42,0,1,1,1,1,0,1,0
id0473,Sextortion,2025/10/29 3:16,0,1,1,1,1,0,1,1
id0474,Sextortion,2025/10/29 2:46,0,1,1,1,1,0,1,0
id0475,Sextortion,2025/10/28 20:13,0,1,0,1,1,0,1,0
id0476,Sextortion,2025/10/28 3:15,0,1,1,1,1,0,1,0
id0477,Sextortion,2025/10/27 18:46,0,1,1,1,1,0,1,0
id0478,Sextortion,2025/10/27 17:16,0,1,1,1,1,0,1,0
id0479,Sextortion,2025/10/27 15:35,0,1,1,1,1,0,1,1
id0480,Sextortion,2025/10/26 23:07,0,1,1,1,1,1,1,0
id0481,Sextortion,2025/10/26 22:34,0,1,1,1,1,1,1,1
id0482,Sextortion,2025/10/26 15:52,0,1,0,1,1,0,1,0
id0483,Sextortion,2025/10/25 23:53,0,1,0,1,1,0,1,0
id0484,Sextortion,2025/10/25 15:21,0,1,0,1,1,0,1,0
id0485,Sextortion,2025/10/25 5:49,0,1,0,1,1,0,1,0
id0486,Sextortion,2025/10/25 4:21,0,1,1,0,1,1,1,many times
id0487,Sextortion,2025/10/24 15:08,0,1,1,1,1,0,1,0
id0488,Sextortion,2025/10/24 15:03,0,1,1,1,1,0,1,0
id0489,Sextortion,2025/10/24 7:08,0,1,1,1,1,1,1,0
id0490,Sextortion,2025/10/24 3:13,0,1,1,1,1,1,1,1
id0491,Sextortion,2025/10/24 2:52,0,1,0,1,1,0,1,0
id0492,Sextortion,2025/10/23 23:58,0,1,1,1,1,1,1,1
id0493,Sextortion,2025/10/23 6:14,0,1,1,1,1,0,1,0
id0494,Sextortion,2025/10/23 2:42,0,1,1,1,1,0,1,0
id0495,Sextortion,2025/10/23 2:41,female,1,1,1,1,0,1,0
id0496,Sextortion,2025/10/22 19:02,0,1,1,1,1,1,1,0
id0497,Sextortion,2025/10/22 18:37,0,0,0,0,0,0,1,0
id0498,Sextortion,2025/10/22 18:31,0,1,1,1,1,0,1,0
id0499,Sextortion,2025/10/22 6:17,0,1,1,1,1,0,1,0
id0500,Sextortion,2025/10/22 5:15,0,1,1,1,1,0,1,0
id0501,Sextortion,2025/10/22 4:36,0,1,1,1,1,1,1,0
id0502,Sextortion,2025/10/22 3:49,0,1,0,1,1,0,1,0
id0503,Sextortion,2025/10/21 21:46,male,1,0,1,1,0,1,0
id0504,Sextortion,2025/10/21 18:44,0,1,1,1,1,0,1,0
id0505,Sextortion,2025/10/21 14:52,0,1,1,1,1,1,1,0
id0506,Sextortion,2025/10/21 5:40,0,1,1,1,1,1,1,1
id0507,Sextortion,2025/10/21 3:36,male,1,0,1,1,0,1,0
id0508,Sextortion,2025/10/20 22:57,0,1,1,1,1,1,1,1
id0509,Sextortion,2025/10/20 22:04,0,1,1,1,1,0,1,0
id0510,Sextortion,2025/10/20 21:24,0,1,0,1,1,0,1,0
id0511,Sextortion,2025/10/20 3:15,0,1,1,1,1,0,1,0
id0512,Sextortion,2025/10/19 16:22,0,1,0,1,1,0,1,0
id0513,Sextortion,2025/10/19 5:09,male,1,0,1,1,0,1,1
id0514,Sextortion,2025/10/17 10:39,0,1,0,1,1,0,1,1
id0515,Sextortion,2025/10/16 20:09,0,1,1,1,1,1,1,1
id0516,SextortionHelp,2025/10/1 1:42,male,1,1,1,1,1,1,0
id0517,SextortionHelp,2025/9/22 5:16,male,1,0,1,1,0,1,0
id0518,SextortionHelp,2025/8/1 1:19,0,1,1,1,1,0,1,0
id0519,SextortionHelp,2025/7/30 22:12,0,1,0,1,1,0,1,0
id0520,SextortionHelp,2025/7/3 3:40,0,1,0,1,1,0,1,0
id0521,SextortionHelp,2025/6/14 23:43,0,1,0,1,1,0,1,0
id0522,Sextortion,2025/6/9 20:04,0,1,0,1,1,0,1,0
id0523,Sextortion,2024/8/23 20:33,male,1,0,1,1,0,1,0
id0524,Sextortion,2024/3/1 14:29,0,1,0,1,1,1,1,1
id0525,Sextortion,2024/2/8 14:33,0,1,0,1,1,1,1,0
id0526,Sextortion,2025/12/15 18:02,0,1,0,1,1,0,1,0
id0527,Sextortion,2025/12/15 17:56,0,1,0,1,1,0,1,1
id0528,Sextortion,2025/12/15 17:21,0,1,0,1,0,0,0,0
id0529,Sextortion,2025/12/15 17:14,female,1,1,1,0,0,1,0
id0530,Sextortion,2025/12/15 15:46,0,1,0,0,0,0,1,0
id0531,Sextortion,2025/12/15 10:05,0,1,0,1,1,0,1,1
id0532,Sextortion,2025/12/15 3:52,0,1,0,1,1,0,1,0
id0533,Sextortion,2025/12/14 23:40,male,1,1,1,0,1,1,0
id0534,Sextortion,2025/12/14 19:08,0,1,1,1,1,0,1,1
id0535,Sextortion,2025/12/14 19:03,male,1,0,1,1,0,1,1
id0536,Sextortion,2025/12/14 17:00,0,1,0,1,1,0,0,1
id0537,Sextortion,2025/12/14 9:45,male,1,0,1,1,0,1,1
id0538,Sextortion,2025/12/13 22:01,0,1,0,1,1,1,1,0
id0539,Sextortion,2025/12/13 18:35,male,1,0,1,1,1,1,0
id0540,Sextortion,2025/12/13 17:56,Male,0,0,1,1,0,1,1
id0541,Sextortion,2025/12/13 17:27,Female,1,0,1,1,0,1,0
id0542,Sextortion,2025/12/13 15:40,0,0,0,1,0,1,0,1
id0543,Sextortion,2025/12/13 12:07,0,1,0,0,1,0,0,0
id0544,Sextortion,2025/12/13 11:10,0,1,0,1,1,0,1,0
id0545,Sextortion,2025/12/13 10:14,0,0,0,1,1,0,1,0
id0546,Sextortion,2025/12/13 6:54,0,1,0,1,1,0,1,0
id0547,Sextortion,2025/12/13 4:35,0,1,0,1,1,0,1,0
id0548,Sextortion,2025/12/13 3:21,Male,1,0,1,1,0,1,1
id0549,Sextortion,2025/12/12 20:34,Male,0,0,1,1,0,1,0
id0550,Sextortion,2025/12/12 10:25,0,0,0,1,1,1,1,1
id0551,Sextortion,2025/12/12 9:03,Male,1,0,1,1,0,1,0
id0552,Sextortion,2025/12/11 15:27,Male,0,0,1,1,0,1,0
id0553,Sextortion,2025/12/11 15:19,Female,0,0,1,1,0,1,0
id0554,Sextortion,2025/12/11 14:23,Male,0,0,1,1,0,1,0
id0555,Sextortion,2025/12/11 11:46,Male,1,1,1,1,1,1,0
id0556,Sextortion,2025/12/11 9:57,Male,0,1,1,1,1,1,many times
id0557,Sextortion,2025/12/11 9:28,0,1,0,0,1,1,1,1
id0558,Sextortion,2025/12/11 3:09,0,1,0,1,1,1,1,0
id0559,Sextortion,2025/12/11 2:03,0,0,0,1,1,1,1,0
id0560,Sextortion,2025/12/10 23:29,0,0,0,1,1,1,1,0
id0561,Sextortion,2025/12/10 22:30,0,0,0,1,0,0,0,0
id0562,Sextortion,2025/12/10 21:26,0,1,0,1,0,1,1,0
id0563,Sextortion,2025/12/10 20:03,0,1,1,1,1,1,1,1
id0564,Sextortion,2025/12/10 19:50,0,1,0,1,1,1,0,1
id0565,Sextortion,2025/12/10 19:40,0,1,1,1,0,1,1,0
id0566,Sextortion,2025/12/10 15:15,0,1,0,0,0,1,0,0
id0567,Sextortion,2025/12/10 14:05,0,1,0,1,1,1,1,1
id0568,Sextortion,2025/12/10 11:28,0,1,0,1,1,1,1,1
id0569,Sextortion,2025/12/10 9:23,0,0,0,1,1,1,1,1
id0570,Sextortion,2025/12/10 8:31,0,0,1,1,1,1,0,0
id0571,Sextortion,2025/12/10 6:38,0,0,0,1,0,1,0,0
id0572,Sextortion,2025/12/10 5:42,0,0,0,1,1,1,1,0
id0573,Sextortion,2025/12/10 1:05,0,0,0,1,1,1,0,1
id0574,Sextortion,2025/12/9 22:42,0,0,0,1,1,1,1,0
id0575,Sextortion,2025/12/9 22:03,0,0,0,1,1,1,1,0
id0576,Sextortion,2025/12/9 20:40,0,0,1,1,0,1,0,0
id0577,Sextortion,2025/12/9 20:27,0,0,0,1,1,1,1,0
id0578,Sextortion,2025/12/9 18:57,0,0,0,1,1,1,1,1
id0579,Sextortion,2025/12/9 17:51,0,0,0,1,1,1,1,0
id0580,Sextortion,2025/12/9 15:15,0,0,0,1,1,1,1,0
id0581,Sextortion,2025/12/9 10:33,0,0,1,1,1,1,1,many times
id0582,Sextortion,2025/12/9 9:17,0,0,0,1,1,1,1,1
id0583,Sextortion,2025/12/9 9:09,0,0,1,1,1,1,1,0
id0584,Sextortion,2025/12/9 6:21,0,0,0,1,0,1,1,0
id0585,Sextortion,2025/12/9 3:55,0,0,1,1,1,1,1,many times
id0586,Sextortion,2025/12/9 0:00,0,0,0,1,1,1,1,0
id0587,Sextortion,2025/12/8 23:55,0,0,0,1,1,1,0,0
id0588,Sextortion,2025/12/8 20:12,0,1,0,1,1,1,0,0
id0589,Sextortion,2025/12/8 17:59,0,1,0,1,1,1,1,0
id0590,Sextortion,2025/12/8 16:52,0,1,0,1,1,1,0,0
id0591,Sextortion,2025/12/8 11:54,0,1,0,1,1,1,1,0
id0592,Sextortion,2025/12/8 1:01,0,1,0,1,0,1,1,0
id0593,Sextortion,2025/12/7 22:58,0,1,1,1,1,1,0,0
id0594,Sextortion,2025/12/7 18:50,0,1,0,1,1,1,1,1
id0595,Sextortion,2025/12/7 6:00,0,1,1,1,1,1,1,many times
id0596,Sextortion,2025/12/7 4:46,0,1,0,1,1,1,0,0
id0597,Sextortion,2025/12/7 1:25,0,1,1,1,1,1,1,0
id0598,Sextortion,2025/12/6 23:08,0,1,0,1,1,1,1,0
id0599,Sextortion,2025/12/6 20:16,0,1,1,1,1,1,1,0
id0600,Sextortion,2025/12/6 19:47,0,1,0,1,1,1,0,0
id0601,Sextortion,2025/12/6 18:37,0,1,1,1,1,1,1,1
id0602,Sextortion,2025/12/6 16:57,0,1,0,1,1,1,1,0
id0603,Sextortion,2025/12/6 7:43,0,1,1,1,1,1,1,0
id0604,Sextortion,2025/12/6 3:46,0,1,1,1,1,1,1,0
id0605,Sextortion,2025/12/5 20:18,0,1,1,1,1,1,0,0
id0606,Sextortion,2025/12/5 16:26,0,1,0,1,1,1,1,0
id0607,Sextortion,2025/12/5 14:35,0,1,0,1,1,1,0,0
id0608,Sextortion,2025/12/5 13:49,0,1,1,1,1,1,0,1
id0609,Sextortion,2025/12/5 12:07,0,1,1,1,1,1,1,1
id0610,Sextortion,2025/12/4 20:12,0,1,1,1,1,1,1,1
id0611,Sextortion,2025/12/4 19:22,Male,1,0,1,1,1,1,0
id0612,Sextortion,2025/12/4 18:36,0,1,0,1,1,1,1,1
id0613,Sextortion,2025/12/4 18:31,0,1,1,1,1,1,0,0
id0614,Sextortion,2025/12/4 16:15,0,1,1,1,1,1,0,0
id0615,Sextortion,2025/12/4 11:50,0,1,1,1,1,1,1,1
id0616,Sextortion,2025/12/4 11:21,0,1,1,1,1,1,1,1
id0617,Sextortion,2025/12/4 11:21,0,0,1,1,1,1,1,1
id0618,Sextortion,2025/12/4 5:15,0,0,1,1,1,1,1,0
id0619,Sextortion,2025/12/4 2:18,0,0,0,1,0,1,1,0
id0620,Sextortion,2025/12/4 0:58,0,0,0,1,0,1,1,1
id0621,Sextortion,2025/12/3 23:10,0,0,0,0,0,1,0,0
id0622,Sextortion,2025/12/3 20:20,0,0,0,0,0,1,0,0
id0623,Sextortion,2025/12/3 6:43,0,0,1,1,0,1,0,0
id0624,Sextortion,2025/12/3 6:34,0,0,1,1,1,1,1,0
id0625,Sextortion,2025/12/3 4:01,0,0,1,0,0,0,1,0
id0626,Sextortion,2025/12/3 1:14,0,0,1,1,1,1,1,0
id0627,Sextortion,2025/12/2 20:28,0,0,1,1,1,1,1,1
id0628,Sextortion,2025/12/2 20:10,Male,1,1,1,1,0,1,0
id0629,Sextortion,2025/12/2 19:32,Male,1,1,1,0,1,1,0
id0630,Sextortion,2025/12/2 18:37,0,1,1,1,1,1,1,0
id0631,Sextortion,2025/12/2 17:02,0,0,1,1,1,1,0,0
id0632,Sextortion,2025/12/2 16:33,0,0,0,1,0,1,0,0
id0633,Sextortion,2025/12/2 16:02,Male,1,1,1,0,1,1,0
id0634,Sextortion,2025/12/2 15:54,Male,1,1,1,1,1,1,0
id0635,Sextortion,2025/12/2 14:39,Male,1,1,1,1,1,1,1
id0636,Sextortion,2025/12/2 11:18,0,0,1,1,0,1,1,0
id0637,Sextortion,2025/12/2 10:11,0,1,1,1,0,1,1,0
id0638,Sextortion,2025/12/2 6:16,Male,1,1,1,1,1,1,0
id0639,Sextortion,2025/12/2 6:07,Male,1,1,1,1,1,1,0
id0640,Sextortion,2025/12/2 5:43,Female,1,1,1,0,1,1,0
id0641,Sextortion,2025/12/2 5:27,0,0,0,1,1,1,0,0
id0642,Sextortion,2025/12/2 4:40,Male,1,1,1,1,1,1,0
id0643,Sextortion,2025/12/1 23:31,0,0,0,1,1,1,0,0
id0644,Sextortion,2025/12/1 23:30,0,1,1,1,1,1,1,0
id0645,Sextortion,2025/12/1 21:59,Male,1,1,1,1,1,1,0
id0646,Sextortion,2025/12/1 20:13,Male,1,1,0,0,1,0,0
id0647,Sextortion,2025/12/1 19:46,0,1,1,1,1,1,1,0
id0648,Sextortion,2025/12/1 16:36,0,1,0,1,1,1,0,1
id0649,Sextortion,2025/12/1 16:25,0,1,1,1,1,1,0,0
id0650,Sextortion,2025/12/1 15:29,Male,1,1,0,1,1,1,0
id0651,Sextortion,2025/12/1 12:27,0,1,1,1,1,1,1,0
id0652,Sextortion,2025/12/1 5:54,Male,1,1,1,1,1,1,1
id0653,Sextortion,2025/12/1 0:10,Male,1,1,1,1,1,1,1
id0654,Sextortion,2025/11/30 21:47,0,1,1,1,1,1,1,0
id0655,Sextortion,2025/11/30 20:29,0,0,0,1,0,1,1,0
id0656,SextortionHelp,2025/10/12 15:55,0,1,1,1,1,1,1,1
id0657,Sextortion,2025/10/5 14:16,0,1,1,1,1,1,1,0
id0658,SextortionHelp,2025/9/19 17:33,0,1,1,1,1,1,0,1
id0659,Sextortion,2025/9/15 22:36,0,0,0,1,0,1,0,0
id0660,SextortionHelp,2025/9/8 14:59,0,1,0,1,0,1,1,0
id0661,Sextortion,2025/8/25 16:38,0,1,1,1,1,1,1,0
id0662,SextortionHelp,2025/8/21 15:59,0,1,1,1,1,1,1,0
id0663,SextortionHelp,2025/8/17 19:13,male,1,1,1,0,1,1,0
id0664,SextortionHelp,2025/8/16 7:22,male,1,1,1,1,1,1,1
id0665,SextortionHelp,2025/8/14 15:16,0,1,1,1,1,1,1,0
id0666,SextortionHelp,2025/8/12 10:53,0,0,0,0,0,1,0,0
id0667,SextortionHelp,2025/8/9 4:39,0,1,1,1,0,1,0,0
id0668,SextortionHelp,2025/8/8 18:20,female,1,1,1,1,1,1,0
id0669,SextortionHelp,2025/8/6 0:14,0,0,0,0,0,1,1,0
id0670,Sextortion,2025/7/25 19:51,0,1,1,1,0,1,0,0
id0671,Sextortion,2025/7/9 15:04,male,1,1,1,1,1,1,0
id0672,SextortionHelp,2025/7/9 9:07,0,1,1,1,1,1,1,1
id0673,Sextortion,2025/6/30 23:35,female,1,1,1,1,1,1,1
id0674,SextortionHelp,2025/6/15 1:19,female,1,1,1,1,1,1,0
id0675,Sextortion,2025/6/6 0:05,0,1,1,1,0,0,0,0
id0676,Sextortion,2025/5/13 0:39,0,1,1,1,1,1,1,1
id0677,Sextortion,2025/5/6 0:43,0,1,1,1,1,1,1,0
id0678,Sextortion,2024/10/6 16:23,0,1,1,1,0,1,0,0
id0679,Sextortion,2024/8/13 6:57,female,1,1,1,1,1,1,0
id0680,Sextortion,2024/5/26 0:11,0,1,1,1,0,0,0,0
id0681,Sextortion,2024/5/20 12:48,0,1,1,1,1,0,0,0
id0682,Sextortion,2024/2/25 17:36,0,1,1,1,1,1,1,1
id0683,Sextortion,2024/2/23 1:25,0,1,1,1,0,0,0,0
id0684,Sextortion,2024/1/30 5:55,0,1,0,1,0,0,1,0
id0685,Sextortion,2025/9/9 11:19,male,1,1,1,1,0,1,0
id0686,Sextortion,2025/9/3 6:57,male,1,1,1,0,0,1,0
id0687,Sextortion,2025/7/30 20:26,0,1,1,1,1,0,0,0
id0688,Sextortion,2025/7/21 21:50,female,1,1,1,1,0,0,0
id0689,Sextortion,2025/7/17 14:16,0,1,1,1,1,1,0,0
id0690,Sextortion,2025/7/12 16:55,male,1,1,1,1,1,1,1
id0691,Sextortion,2025/7/10 16:06,female,1,1,1,1,1,1,1
id0692,Sextortion,2025/6/24 13:48,male,1,1,1,1,0,1,0
id0693,Sextortion,2025/6/15 2:39,male,1,1,1,1,1,1,1
id0694,Sextortion,2025/6/11 14:25,0,1,1,1,1,0,1,0
id0695,Sextortion,2025/4/28 5:04,female,1,1,1,1,1,0,0
id0696,Sextortion,2025/2/11 7:13,female,1,1,1,1,1,0,1
id0697,Sextortion,2024/11/18 2:08,male,1,0,1,1,0,1,0
id0698,Sextortion,2024/11/17 23:52,0,1,0,1,1,1,0,0
id0699,Sextortion,2024/10/10 2:10,male,1,1,1,1,1,0,0
id0700,Sextortion,2024/8/19 13:23,male,1,0,1,1,0,0,0
id0701,Sextortion,2024/7/9 20:33,male,1,0,1,1,1,1,many times
id0702,Sextortion,2024/6/16 7:53,0,1,0,1,1,0,1,0
id0703,Sextortion,2024/4/21 11:26,male,1,0,1,1,0,1,0
id0704,Sextortion,2024/4/18 14:04,female,1,1,1,1,0,1,0
id0705,Sextortion,2024/4/2 16:19,0,1,1,1,1,1,1,1
id0706,Sextortion,2024/3/25 21:41,male,1,0,1,1,0,1,0
id0707,Sextortion,2024/3/1 0:17,male,1,1,1,1,0,0,1
id0708,Sextortion,2024/1/29 2:27,male,1,0,1,1,1,1,0
id0709,Sextortion,2024/1/19 18:20,female,1,0,1,1,0,1,0
id0710,Sextortion,2025/11/29 1:41,male,1,0,1,1,0,1,1
id0711,Sextortion,2025/11/28 11:23,0,1,0,1,1,0,1,0
id0712,Sextortion,2025/11/26 9:02,male,1,0,1,0,1,1,0
id0713,Sextortion,2025/11/22 5:02,male,1,0,1,1,0,1,0
id0714,Sextortion,2025/11/21 1:57,female,1,0,1,1,0,0,0
id0715,Sextortion,2025/11/20 1:00,male,1,0,1,1,1,1,1
id0716,Sextortion,2025/11/18 12:26,male,1,0,1,1,0,1,1
id0717,Sextortion,2025/11/14 1:01,male,1,0,1,1,0,0,1
id0718,Sextortion,2025/10/22 17:14,male,1,0,1,1,0,1,0
id0719,Sextortion,2025/10/14 1:51,0,1,0,0,1,0,0,0
id0720,Sextortion,2025/10/10 21:38,male,1,1,1,1,0,1,0
id0721,Sextortion,2025/10/9 19:17,male,1,0,1,1,1,1,1
id0722,Sextortion,2025/10/5 12:13,female,1,0,1,1,0,0,0
id0723,Sextortion,2025/10/3 20:55,male,1,0,1,1,1,1,0
id0724,Sextortion,2025/10/3 7:09,male,1,0,1,1,0,1,0
id0725,Sextortion,2025/9/30 9:33,0,0,0,1,1,0,1,1
id0726,Sextortion,2025/9/26 11:22,male,1,1,1,1,1,1,1
id0727,Sextortion,2025/9/15 17:13,male,1,0,1,1,0,1,0
id0728,Sextortion,2025/9/9 21:25,male,1,0,1,1,1,1,1
id0729,Sextortion,2025/9/9 12:34,male,1,1,1,1,0,1,0
id0730,Sextortion,2025/9/9 11:01,male,1,0,1,1,0,1,0
id0731,Sextortion,2025/9/2 10:43,male,1,1,1,1,0,1,1
id0732,Sextortion,2025/8/20 20:47,male,1,0,1,1,1,1,1
id0733,Sextortion,2025/8/20 12:41,male,1,1,1,1,1,1,1
id0734,Sextortion,2025/8/19 12:46,0,1,0,1,1,0,1,0
id0735,Sextortion,2025/8/18 22:34,female,0,0,1,0,1,1,0
id0736,Sextortion,2025/8/17 7:36,female,1,1,1,1,0,1,0
id0737,Sextortion,2025/8/15 0:39,0,1,0,1,1,1,1,1
id0738,Sextortion,2025/8/13 20:40,male,1,0,1,1,1,1,0
id0739,Sextortion,2025/8/11 11:40,0,1,0,1,0,0,1,0
id0740,Sextortion,2025/8/8 11:23,0,1,1,1,1,0,1,1
id0741,Sextortion,2025/8/7 19:18,male,1,0,1,1,1,1,0
id0742,Sextortion,2025/8/7 7:52,female,1,1,1,1,0,1,1
id0743,Sextortion,2025/8/6 5:47,female,1,0,1,1,1,1,0
id0744,Sextortion,2025/7/27 4:05,male,1,0,1,1,1,1,0
id0745,Sextortion,2025/7/25 18:43,female,1,1,1,1,1,0,0
id0746,Sextortion,2025/7/24 2:00,male,1,0,1,1,1,1,0
id0747,Sextortion,2025/7/23 17:05,0,1,0,1,1,1,0,0
id0748,Sextortion,2025/7/20 17:59,male,1,0,1,1,1,1,0
id0749,Sextortion,2025/7/18 14:30,male,1,0,1,1,1,0,1
id0750,Sextortion,2025/7/17 1:05,0,1,0,1,1,1,1,0
id0751,Sextortion,2025/7/14 5:56,0,1,0,1,1,0,1,0
id0752,Sextortion,2025/7/14 0:14,male,1,0,1,1,1,0,1
id0753,Sextortion,2025/7/5 11:40,male,1,1,1,1,1,1,0
id0754,Sextortion,2025/7/2 23:02,male,1,1,1,1,1,1,1
id0755,Sextortion,2025/6/29 10:23,0,1,0,1,1,0,1,0
id0756,Sextortion,2025/6/27 6:10,female,1,1,1,1,1,1,0
id0757,Sextortion,2025/6/19 23:40,female,1,0,1,1,1,1,1
id0758,Sextortion,2025/6/17 6:28,male,1,1,1,1,0,1,0
id0759,Sextortion,2025/6/16 9:51,male,1,0,1,1,0,1,1
id0760,Sextortion,2025/6/8 11:12,female,1,1,1,0,1,1,0
id0761,Sextortion,2025/6/7 23:43,male,1,0,1,1,0,1,0
id0762,Sextortion,2025/6/3 3:22,male,1,1,1,1,1,1,0
id0763,Sextortion,2025/6/1 20:34,male,1,0,1,1,0,1,0
id0764,Sextortion,2025/5/27 3:41,male,1,0,1,1,1,1,0
id0765,Sextortion,2025/5/22 18:59,0,1,0,1,1,0,1,1
id0766,Sextortion,2025/5/16 2:45,female,1,0,1,1,1,1,0
id0767,Sextortion,2025/5/9 21:06,male,1,0,1,1,0,0,0
id0768,Sextortion,2025/5/7 23:32,male,1,1,1,1,0,1,0
id0769,Sextortion,2025/5/1 22:07,male,1,1,1,1,0,1,1
id0770,Sextortion,2025/4/29 16:25,male ,1,0,1,1,0,1,1
id0771,Sextortion,2025/4/28 17:59,female,1,1,1,1,0,0,0
id0772,Sextortion,2025/4/24 7:18,male,1,0,1,1,0,1,0
id0773,Sextortion,2025/4/11 0:53,male,1,0,1,1,1,1,0
id0774,Sextortion,2025/4/5 14:11,male,1,1,1,1,0,1,0
id0775,Sextortion,2025/3/30 16:24,male,1,0,1,1,1,1,1
id0776,Sextortion,2025/3/22 19:59,male,1,0,1,1,0,0,1
id0777,Sextortion,2025/3/10 9:29,male,1,0,1,1,1,1,0
id0778,Sextortion,2025/3/6 11:37,male,1,1,1,1,1,1,0
id0779,Sextortion,2025/3/3 16:40,male,1,1,1,1,0,1,0
id0780,Sextortion,2025/3/2 9:31,0,1,1,1,1,1,1,0
id0781,Sextortion,2025/2/27 22:52,male,1,1,1,1,1,1,1
id0782,Sextortion,2025/2/19 4:04,0,1,0,0,1,0,1,0
id0783,Sextortion,2025/2/18 6:10,female,1,1,1,1,1,1,0
id0784,Sextortion,2025/2/15 16:35,male,1,1,1,1,1,1,1
id0785,Sextortion,2025/2/13 21:22,0,1,0,0,1,1,0,0
id0786,Sextortion,2025/2/13 11:41,male ,1,0,1,1,0,0,1
id0787,Sextortion,2025/2/13 2:39,male,1,1,1,1,0,1,1
id0788,Sextortion,2025/2/11 2:41,male,1,1,1,1,1,1,0
id0789,Sextortion,2025/2/3 23:28,male,1,0,1,1,0,0,0
id0790,Sextortion,2025/1/27 1:10,male,1,1,1,1,1,1,1
id0791,Sextortion,2025/1/7 2:33,male,0,0,0,1,0,0,0
id0792,Sextortion,2025/1/7 1:39,0,1,0,1,1,0,1,1
id0793,Sextortion,2025/1/3 19:51,female,0,0,1,1,0,0,0
id0794,Sextortion,2024/12/30 7:15,0,1,0,1,1,0,1,1
id0795,Sextortion,2024/12/29 23:38,male,1,0,0,0,0,0,0
id0796,Sextortion,2024/12/29 7:58,male,0,0,1,1,0,1,0
id0797,Sextortion,2024/12/27 4:54,0,0,1,1,1,0,1,0
id0798,Sextortion,2024/12/26 11:59,0,0,0,1,1,0,1,0
id0799,Sextortion,2024/12/18 1:34,0,0,0,1,1,0,1,0
id0800,Sextortion,2024/12/17 2:45,0,1,0,1,1,0,1,0
id0801,Sextortion,2024/12/14 7:22,0,0,0,1,1,0,1,1
id0802,Sextortion,2024/12/12 12:52,female,1,1,1,1,0,1,0
id0803,Sextortion,2024/12/10 21:42,0,1,0,1,0,0,0,1
id0804,Sextortion,2024/12/7 22:34,male,1,0,1,1,0,1,0
id0805,Sextortion,2024/12/4 6:27,male,0,0,1,1,0,0,0
id0806,Sextortion,2024/12/3 13:40,0,0,0,1,0,0,1,0
id0807,Sextortion,2024/12/2 23:40,male,1,0,1,1,0,1,0
id0808,Sextortion,2024/11/29 21:14,male,1,0,1,1,0,1,0
id0809,Sextortion,2024/11/27 18:36,male,1,0,1,1,0,1,0
id0810,Sextortion,2024/11/25 20:39,female,1,1,1,1,0,1,0
id0811,Sextortion,2024/11/21 10:28,0,1,0,1,1,0,1,1
id0812,Sextortion,2024/11/20 17:00,0,0,0,1,1,1,1,0
id0813,Sextortion,2024/11/13 20:57,male,0,0,1,1,1,1,1
id0814,Sextortion,2024/11/11 19:36,male,0,0,1,1,0,1,0
id0815,Sextortion,2024/11/9 3:45,0,0,0,1,1,0,1,0
id0816,Sextortion,2024/11/8 22:58,male,0,0,1,1,0,1,0
id0817,Sextortion,2024/11/8 5:42,0,1,0,1,1,0,1,0
id0818,Sextortion,2024/11/2 18:10,0,1,0,1,1,0,1,0
id0819,Sextortion,2024/11/2 5:55,female,0,0,1,1,1,1,0
id0820,Sextortion,2024/10/28 3:57,female,0,0,1,1,1,1,0
id0821,Sextortion,2024/10/14 16:43,male,0,0,1,1,1,1,1
id0822,Sextortion,2024/10/12 14:04,male,0,0,1,1,1,1,1
id0823,Sextortion,2024/10/10 17:21,male,0,0,1,0,1,1,1
id0824,Sextortion,2024/10/4 13:44,0,0,0,1,1,0,0,0
id0825,Sextortion,2024/10/2 9:51,male,0,0,1,1,1,1,1
id0826,Sextortion,2024/9/29 5:41,female,0,0,1,1,1,1,0
id0827,Sextortion,2024/9/24 21:42,0,0,0,1,1,0,1,0
id0828,Sextortion,2024/9/24 5:21,0,0,0,1,1,0,1,0
id0829,Sextortion,2024/9/23 23:28,male,0,1,1,1,0,1,1
id0830,Sextortion,2024/9/12 20:18,0,0,0,1,1,0,1,0
id0831,Sextortion,2024/9/8 3:51,male,0,0,1,1,0,1,1
id0832,Sextortion,2024/9/4 18:17,male,0,0,1,1,0,1,0
id0833,Sextortion,2024/8/30 23:02,male,1,0,1,1,1,1,1
id0834,Sextortion,2024/8/27 9:13,0,0,0,1,1,0,0,1
id0835,Sextortion,2024/8/20 5:22,0,0,0,1,1,1,1,0
id0836,Sextortion,2024/8/17 11:41,male,1,0,1,1,0,1,0
id0837,Sextortion,2024/8/15 1:06,male,0,0,1,1,0,1,0
id0838,Sextortion,2024/8/13 21:24,male,0,0,1,1,0,0,0
id0839,Sextortion,2024/8/12 22:59,male,0,1,1,1,0,1,0
id0840,Sextortion,2024/8/7 18:32,male,1,0,1,1,0,1,0
id0841,Sextortion,2024/8/7 10:07,0,0,0,1,1,0,0,0
id0842,Sextortion,2024/8/6 22:47,male,1,0,1,1,0,1,0
id0843,Sextortion,2024/8/6 10:13,0,1,0,0,0,1,0,0
id0844,Sextortion,2024/7/19 21:57,male,1,0,0,0,0,0,0
id0845,Sextortion,2024/7/17 8:34,male,1,1,1,1,0,1,1
id0846,Sextortion,2024/6/27 23:43,male,1,0,1,1,0,1,0
id0847,Sextortion,2024/6/26 22:28,male,0,0,1,1,0,1,1
id0848,Sextortion,2024/6/22 19:07,male,1,1,1,1,1,1,0
id0849,Sextortion,2024/6/8 9:21,male,1,1,1,1,0,1,0
id0850,Sextortion,2024/6/4 23:51,female,0,0,1,1,0,1,1
id0851,Sextortion,2024/5/23 19:04,male,1,0,1,1,0,1,1
id0852,Sextortion,2024/5/17 7:43,male,1,0,1,1,1,1,0
id0853,Sextortion,2024/5/17 6:29,female,0,0,1,1,0,1,0
id0854,Sextortion,2024/5/16 4:08,female,0,1,1,1,0,1,0
id0855,Sextortion,2024/5/8 21:13,male,1,0,1,1,0,1,1
id0856,Sextortion,2024/5/8 10:36,male,0,0,1,1,0,1,0
id0857,Sextortion,2024/5/8 0:15,male,0,0,1,1,0,1,1
id0858,Sextortion,2024/4/30 16:22,female,1,0,1,1,0,1,1
id0859,Sextortion,2024/4/23 8:16,male,0,0,1,1,0,1,0
id0860,Sextortion,2024/4/22 19:24,male,0,0,1,1,0,1,0
id0861,Sextortion,2024/4/18 6:34,male,1,0,1,1,0,1,1
id0862,Sextortion,2024/4/18 5:45,male,1,0,1,1,0,1,0
id0863,Sextortion,2024/4/17 16:50,male,0,0,1,1,0,1,0
id0864,Sextortion,2024/4/14 23:30,female,1,0,1,1,0,1,1
id0865,Sextortion,2024/4/3 15:36,male,1,0,1,1,0,1,1
id0866,Sextortion,2024/3/28 3:40,male,0,0,1,1,0,1,0
id0867,Sextortion,2024/3/26 4:36,male,1,0,1,1,0,1,1
id0868,Sextortion,2024/3/23 20:11,male,0,0,0,0,0,1,1
id0869,Sextortion,2024/3/21 0:36,male,1,1,1,1,0,1,0
id0870,Sextortion,2024/3/19 21:05,male,1,0,1,1,0,1,0
id0871,Sextortion,2024/3/15 16:41,male,1,1,1,1,1,1,1
id0872,Sextortion,2024/3/5 21:05,male,1,1,1,1,0,1,0
id0873,Sextortion,2024/3/5 16:18,male,0,1,1,1,0,1,1
id0874,Sextortion,2024/3/4 21:41,male,1,1,1,1,0,1,0
id0875,Sextortion,2024/3/1 22:16,male,1,0,1,1,0,1,1
id0876,Sextortion,2024/2/23 8:12,male,1,0,1,1,0,1,0
id0877,Sextortion,2024/2/22 20:46,male,0,1,1,1,1,1,1
id0878,Sextortion,2024/2/21 16:01,male,1,0,1,1,0,1,1
id0879,Sextortion,2024/2/18 7:54,male,0,1,1,1,0,1,0
id0880,Sextortion,2024/2/15 17:38,male,1,1,1,1,1,1,0
id0881,Sextortion,2024/2/9 19:41,male,0,0,1,0,0,0,0
id0882,Sextortion,2024/2/7 21:52,male,1,0,1,1,0,1,1
id0883,Sextortion,2024/2/6 7:19,male,1,0,1,1,0,1,0
id0884,Sextortion,2024/2/1 9:36,male,0,0,1,1,0,1,0
id0885,Sextortion,2024/1/31 16:46,male,1,0,1,1,0,1,0
id0886,Sextortion,2024/1/28 6:20,female,1,0,1,1,0,1,0
id0887,Sextortion,2024/1/27 0:55,0,0,0,1,1,0,1,0
id0888,Sextortion,2024/1/24 21:41,male,1,0,1,1,0,1,1
id0889,Sextortion,2024/1/18 19:33,female,1,0,1,1,0,1,0
id0890,Sextortion,2024/1/17 15:51,male,0,0,1,1,0,1,0
id0891,Sextortion,2024/1/14 12:26,female,0,0,1,1,0,1,1
id0892,Sextortion,2024/1/12 16:07,0,0,0,1,1,0,1,1
id0893,SextortionHelp,2025/10/16 22:43,0,0,0,1,1,0,0,0
id0894,Sextortion,2024/6/25 17:38,0,0,0,0,0,0,1,0
id0895,Sextortion,2024/5/3 21:38,male,0,0,1,1,0,0,0
id0896,Sextortion,2024/1/10 4:42,male,1,0,1,1,0,1,0
id0897,Sextortion,2025/11/30 11:33,male,1,1,1,1,0,1,1
id0898,Sextortion,2025/11/24 3:38,male,1,0,1,1,0,1,1
id0899,Sextortion,2025/11/21 13:29,0,0,0,1,1,0,0,0
id0900,Sextortion,2025/11/21 0:05,male,0,0,1,1,0,1,1
id0901,Sextortion,2025/11/20 13:27,male,0,0,1,1,0,1,1
id0902,Sextortion,2025/11/19 23:40,0,0,0,1,1,0,1,0
id0903,Sextortion,2025/11/19 23:19,male,1,0,1,1,0,1,0
id0904,Sextortion,2025/11/18 21:31,female,0,0,1,1,0,1,0
id0905,Sextortion,2025/11/18 20:33,male,0,0,1,1,0,1,0
id0906,Sextortion,2025/11/17 20:11,0,0,0,1,1,0,1,0
id0907,Sextortion,2025/11/14 0:13,male,1,0,1,1,0,1,0
id0908,Sextortion,2025/11/13 14:36,male,0,0,1,1,0,1,1
id0909,Sextortion,2025/11/12 12:36,male,0,0,1,1,1,1,1
id0910,Sextortion,2025/11/11 21:09,0,0,0,1,1,0,1,0
id0911,Sextortion,2025/11/11 20:53,0,0,0,1,1,0,1,0
id0912,Sextortion,2025/11/11 4:33,male,0,0,1,1,0,1,0
id0913,Sextortion,2025/11/11 2:08,male,0,0,1,1,0,1,0
id0914,Sextortion,2025/11/10 9:51,0,0,0,1,1,0,1,0
id0915,Sextortion,2025/11/9 22:52,male,0,0,1,1,0,1,1
id0916,Sextortion,2025/11/7 23:57,0,0,0,1,1,0,1,1
id0917,Sextortion,2025/11/7 8:50,0,0,0,1,1,0,1,0
id0918,Sextortion,2025/11/4 4:03,male,0,0,1,1,0,0,0
id0919,Sextortion,2025/11/3 23:58,male,1,0,1,1,0,1,1
id0920,Sextortion,2025/11/3 19:47,female,1,0,1,1,0,1,0
id0921,SextortionHelp,2025/11/3 1:48,male,1,0,1,1,0,1,0
id0922,Sextortion,2025/10/31 2:54,male,1,0,1,1,0,1,0
id0923,Sextortion,2025/10/30 11:17,0,1,0,1,1,0,1,0
id0924,Sextortion,2025/10/30 10:09,0,0,0,1,1,1,0,0
id0925,Sextortion,2025/10/29 23:16,0,0,0,1,1,0,1,0
id0926,Sextortion,2025/10/29 20:27,male,1,0,1,1,0,1,1
id0927,Sextortion,2025/10/29 4:18,male,1,0,1,1,0,1,1
id0928,Sextortion,2025/10/23 18:19,male,0,0,1,1,0,1,1
id0929,Sextortion,2025/10/22 14:01,male,0,0,1,1,0,1,0
id0930,Sextortion,2025/10/22 1:22,0,1,0,1,1,0,1,0
id0931,Sextortion,2025/10/22 0:27,0,0,0,1,1,0,1,0
id0932,Sextortion,2025/10/21 15:40,male,1,0,1,1,0,1,0
id0933,Sextortion,2025/10/19 23:30,male,0,0,1,1,0,1,1
id0934,Sextortion,2025/10/19 18:57,female,0,0,1,1,0,1,1
id0935,Sextortion,2025/10/19 2:14,0,1,0,1,1,0,1,1
id0936,Sextortion,2025/10/18 8:41,male,1,0,1,1,0,0,0
id0937,Sextortion,2025/10/18 3:11,0,1,0,1,1,0,1,0
id0938,Sextortion,2025/10/16 16:38,male,1,0,1,1,0,1,1
id0939,Sextortion,2025/10/15 22:32,male,1,1,1,1,1,1,1
id0940,Sextortion,2025/10/15 16:18,male,1,0,1,1,0,1,0
id0941,Sextortion,2025/10/15 12:43,male,1,1,1,0,1,0,0
id0942,Sextortion,2025/10/14 22:08,female,1,0,1,1,1,1,1
id0943,Sextortion,2025/10/14 12:03,male,0,0,1,1,0,1,1
id0944,Sextortion,2025/10/14 7:25,male,1,0,1,1,0,1,0
id0945,Sextortion,2025/10/14 1:53,male,0,0,1,1,0,1,1
id0946,Sextortion,2025/10/13 18:07,male,0,0,1,1,0,0,0
id0947,Sextortion,2025/10/13 9:21,male,0,0,1,1,0,1,0
id0948,Sextortion,2025/10/12 18:36,male,0,0,1,1,0,0,1
id0949,Sextortion,2025/10/12 13:33,male,1,0,1,1,0,1,0
id0950,Sextortion,2025/10/10 4:26,0,0,0,1,0,0,0,0
id0951,Sextortion,2025/10/9 8:47,female,0,1,1,1,0,1,0
id0952,Sextortion,2025/10/8 9:18,0,1,0,1,0,0,1,0
id0953,Sextortion,2025/10/7 21:25,male,0,0,1,1,0,1,1
id0954,Sextortion,2025/10/7 3:56,male,0,0,1,1,0,1,0
id0955,Sextortion,2025/10/7 2:10,male,0,0,1,1,0,1,0
id0956,Sextortion,2025/10/6 22:05,female,0,0,1,1,0,1,0
id0957,Sextortion,2025/10/6 12:42,female,1,0,1,1,0,0,0
id0958,Sextortion,2025/10/5 16:51,male,0,0,1,1,0,1,1
id0959,Sextortion,2025/10/5 11:02,male,0,0,1,1,0,1,0
id0960,Sextortion,2025/10/4 1:05,0,1,0,1,1,0,1,0
id0961,Sextortion,2025/10/3 4:00,male,0,0,1,1,0,0,0
id0962,Sextortion,2025/10/3 2:19,male,1,0,1,1,0,1,0
id0963,Sextortion,2025/10/2 6:44,female,0,0,1,1,0,0,0
id0964,Sextortion,2025/10/1 17:00,male,1,0,1,1,0,1,0
id0965,Sextortion,2025/10/1 15:31,male,0,0,1,1,0,1,0
id0966,Sextortion,2025/9/30 7:30,0,1,0,1,0,0,0,0
id0967,Sextortion,2025/9/30 5:43,male,0,0,1,1,0,1,0
id0968,Sextortion,2025/9/30 3:56,male,0,0,1,1,0,1,1
id0969,Sextortion,2025/9/29 18:05,0,0,0,1,0,0,0,0
id0970,Sextortion,2025/9/29 4:05,0,0,0,1,1,0,1,0
id0971,Sextortion,2025/9/29 3:53,male,0,0,1,1,0,1,0
id0972,Sextortion,2025/9/28 1:59,male,1,0,1,1,0,1,0
id0973,Sextortion,2025/9/27 21:17,male,1,0,1,1,0,1,0
id0974,Sextortion,2025/9/27 5:57,male,0,0,1,1,0,0,0
id0975,Sextortion,2025/9/27 5:16,male,1,0,1,1,0,1,0
id0976,SextortionHelp,2025/8/23 20:45,male,0,0,1,1,0,1,0
id0977,SextortionHelp,2025/8/20 20:32,0,1,0,1,1,0,0,0
id0978,SextortionHelp,2025/7/21 20:53,male,0,0,1,1,0,1,0
id0979,Sextortion,2025/5/19 4:18,male,0,0,1,1,0,1,0
id0980,Sextortion,2024/6/26 22:31,female,1,0,1,1,1,1,0
id0981,Sextortion,2025/12/15 19:47,male,0,0,1,1,0,0,1
id0982,Sextortion,2025/12/15 19:39,0,0,0,1,1,0,0,0
id0983,Sextortion,2025/11/29 21:45,male,1,0,1,1,0,1,0
id0984,Sextortion,2025/11/28 5:10,male,0,0,1,0,1,1,0
id0985,Sextortion,2025/11/27 18:05,0,0,0,1,1,0,1,0
id0986,Sextortion,2025/11/26 17:40,male,1,0,1,1,1,1,1
id0987,Sextortion,2025/11/23 2:36,male,1,0,1,1,0,1,1
id0988,Sextortion,2025/11/22 22:59,0,0,0,1,1,0,1,0
id0989,SextortionHelp,2025/11/22 2:17,0,0,0,1,1,0,1,0
id0990,Sextortion,2025/11/21 13:06,male,1,0,1,0,0,0,0
id0991,Sextortion,2025/11/20 0:28,male,0,0,1,1,0,1,0
id0992,Sextortion,2025/11/18 22:54,male,1,0,1,1,0,0,0
id0993,Sextortion,2025/11/18 15:14,female,1,1,1,1,0,1,0
id0994,Sextortion,2025/11/18 8:01,0,0,0,1,1,0,0,0
id0995,SextortionHelp,2025/11/17 23:56,0,0,0,1,0,0,0,0
id0996,Sextortion,2025/11/17 13:08,male,1,0,1,1,0,1,1
id0997,Sextortion,2025/11/16 0:15,male,1,0,1,1,0,0,0
id0998,Sextortion,2025/11/15 8:03,male,0,0,1,0,0,0,0
id0999,Sextortion,2025/11/13 2:16,male,0,0,1,1,0,1,0
id1000,Sextortion,2025/11/13 2:06,male,0,0,1,1,0,1,1
id1001,Sextortion,2025/11/12 22:51,male,1,0,1,1,0,1,0
id1002,Sextortion,2025/11/12 5:21,male,1,0,1,0,0,0,0
id1003,Sextortion,2025/11/10 23:55,0,0,0,1,0,0,0,0
id1004,Sextortion,2025/11/10 5:00,male,0,0,1,1,0,0,1
id1005,Sextortion,2025/11/7 23:13,male,0,0,1,1,0,1,1
id1006,Sextortion,2025/11/7 19:52,male,0,0,1,1,0,0,0
id1007,Sextortion,2025/11/7 4:08,0,1,0,1,1,0,1,0
id1008,Sextortion,2025/11/6 15:21,male,1,0,1,1,0,1,0
id1009,Sextortion,2025/11/6 10:30,male,1,0,1,1,0,1,0
id1010,Sextortion,2025/11/6 0:14,male,1,0,1,0,0,0,0
id1011,Sextortion,2025/11/5 16:17,male,0,0,1,0,0,0,0
id1012,Sextortion,2025/11/5 15:40,male,1,0,1,1,1,0,1
id1013,Sextortion,2025/11/5 4:48,male,0,0,1,1,0,0,0
id1014,Sextortion,2025/11/4 14:32,male,0,0,1,1,0,1,0
id1015,Sextortion,2025/11/4 6:53,male,0,0,1,1,0,1,0
id1016,Sextortion,2025/11/4 3:20,male,0,0,1,1,0,1,0
id1017,Sextortion,2025/11/4 2:44,male,0,0,1,1,1,1,1
id1018,Sextortion,2025/11/3 6:18,male,0,0,1,0,1,1,0
id1019,Sextortion,2025/11/2 0:22,0,0,0,1,0,1,0,0
id1020,Sextortion,2025/10/27 22:00,male,0,0,1,1,0,0,0
id1021,Sextortion,2025/10/22 20:22,male,1,0,1,1,0,1,0
id1022,Sextortion,2025/10/22 18:54,male,0,0,1,1,0,0,0
id1023,Sextortion,2025/10/22 18:47,male,0,0,1,1,0,0,0
id1024,Sextortion,2025/10/17 11:00,male,0,0,1,0,0,0,0
id1025,Sextortion,2025/10/15 20:54,male,0,0,1,1,0,1,0
id1026,Sextortion,2025/10/15 19:26,male,0,0,1,1,0,1,0
id1027,Sextortion,2025/10/12 15:15,0,0,0,1,1,0,1,0
id1028,Sextortion,2025/10/10 2:48,male,1,0,1,1,1,1,1
id1029,Sextortion,2025/10/9 22:06,female,1,0,1,1,0,1,0
id1030,Sextortion,2025/10/9 1:31,male,0,0,1,1,1,1,1
id1031,Sextortion,2025/10/8 0:32,0,0,0,1,1,0,0,0
id1032,Sextortion,2025/10/7 17:17,male,1,0,1,1,0,1,0
id1033,Sextortion,2025/10/7 3:18,male,0,0,1,1,0,1,0
id1034,Sextortion,2025/10/7 1:44,male,1,0,1,1,0,0,0
id1035,Sextortion,2025/10/6 5:16,0,0,0,1,1,0,1,0
id1036,Sextortion,2025/10/5 21:15,male,1,0,1,0,0,0,0
id1037,Sextortion,2025/10/4 0:18,0,0,0,1,1,0,0,0
id1038,Sextortion,2025/10/3 4:08,male,1,0,1,1,1,1,1
id1039,Sextortion,2025/9/29 17:55,male,0,0,1,1,0,1,0
id1040,Sextortion,2025/9/29 16:05,male,1,0,1,0,0,0,0
id1041,Sextortion,2025/9/28 16:13,male,0,0,1,1,0,1,0
id1042,Sextortion,2025/9/28 14:11,male,0,0,1,1,0,1,0
id1043,Sextortion,2025/9/27 17:07,0,0,0,1,0,0,0,0
id1044,Sextortion,2025/9/27 0:04,male,1,0,1,1,0,1,0
id1045,Sextortion,2025/9/25 20:42,male,1,0,1,1,0,0,0
id1046,Sextortion,2025/9/25 3:53,0,0,0,1,1,0,1,1
id1047,Sextortion,2025/9/21 8:53,male,1,1,1,1,0,1,0
id1048,Sextortion,2025/9/19 18:38,male,1,0,1,1,0,1,0
id1049,Sextortion,2025/9/19 4:12,0,1,0,1,1,1,1,many times
id1050,Sextortion,2025/9/19 2:47,0,1,0,1,0,1,1,0
id1051,Sextortion,2025/9/19 1:18,0,0,0,0,0,1,0,0
id1052,Sextortion,2025/9/18 9:50,0,1,0,1,0,1,1,0
id1053,Sextortion,2025/9/17 10:15,male,1,1,1,1,1,1,1
id1054,Sextortion,2025/9/16 13:03,0,1,0,1,1,1,1,0
id1055,Sextortion,2025/9/16 7:23,male,1,0,1,1,1,1,1
id1056,Sextortion,2025/9/15 10:30,0,1,0,1,0,1,1,0
id1057,Sextortion,2025/9/14 23:04,0,1,0,1,1,1,1,0
id1058,Sextortion,2025/9/13 22:06,0,1,0,1,1,1,1,1
id1059,Sextortion,2025/9/13 16:14,0,1,0,1,1,1,1,0
id1060,Sextortion,2025/9/13 15:02,0,1,0,1,1,1,1,1
id1061,Sextortion,2025/9/13 14:08,0,1,1,1,1,1,1,many times
id1062,Sextortion,2025/9/13 4:22,0,1,1,1,0,1,1,0
id1063,Sextortion,2025/9/12 23:17,0,1,0,1,1,1,1,0
id1064,Sextortion,2025/9/12 15:38,male,1,0,1,1,1,1,1
id1065,Sextortion,2025/9/11 21:20,0,1,0,0,0,0,1,0
id1066,Sextortion,2025/9/11 5:51,male,1,1,1,1,1,1,0
id1067,SextortionHelp,2025/7/13 16:05,0,1,0,1,1,1,1,0
id1068,Sextortion,2025/7/7 1:33,male,1,1,1,1,1,1,0
id1069,Sextortion,2024/4/27 4:31,0,1,0,1,1,0,1,0
id1070,Sextortion,2025/11/30 4:51,0,1,0,1,1,1,1,0
id1071,Sextortion,2025/11/26 19:04,male,1,0,1,1,1,1,0
id1072,Sextortion,2025/11/25 12:16,0,1,0,1,1,1,1,1
id1073,Sextortion,2025/11/22 5:42,0,1,1,1,1,1,1,0
id1074,Sextortion,2025/11/21 0:34,0,0,0,0,0,0,1,0
id1075,Sextortion,2025/11/20 2:00,0,1,0,1,1,1,1,0
id1076,Sextortion,2025/11/18 6:25,0,1,0,1,1,1,1,0
id1077,Sextortion,2025/11/6 14:44,0,0,0,0,0,0,1,0
id1078,Sextortion,2025/11/5 21:40,0,1,0,0,1,1,1,0
id1079,Sextortion,2025/11/5 21:37,0,1,0,0,0,1,1,0
id1080,Sextortion,2025/11/4 19:13,0,1,0,1,1,1,1,0
id1081,Sextortion,2025/10/30 21:09,0,0,0,1,1,1,1,1
id1082,Sextortion,2025/10/27 14:24,0,0,0,0,0,0,1,0
id1083,Sextortion,2025/10/24 22:52,male,1,1,1,0,1,1,0
id1084,Sextortion,2025/10/23 16:50,0,0,0,0,0,0,1,0
id1085,Sextortion,2025/10/23 1:11,0,0,0,0,0,0,1,0
id1086,Sextortion,2025/10/23 0:51,0,0,0,0,0,0,1,0
id1087,Sextortion,2025/10/16 10:47,0,1,0,0,0,1,1,0
id1088,Sextortion,2025/10/15 22:47,0,1,0,1,1,1,1,0
id1089,Sextortion,2025/10/13 2:22,0,1,0,1,1,1,1,1
id1090,Sextortion,2025/10/12 13:59,0,1,0,1,1,1,1,0
id1091,Sextortion,2025/10/7 12:57,0,1,0,1,1,1,1,0
id1092,Sextortion,2025/10/6 21:25,0,1,0,1,1,1,1,1
id1093,Sextortion,2025/10/6 18:23,0,0,0,0,0,0,1,0
id1094,Sextortion,2025/10/4 4:07,male,1,1,1,1,0,1,0
id1095,Sextortion,2025/10/3 16:35,0,0,0,1,1,1,1,0
id1096,Sextortion,2025/10/3 5:35,0,1,1,1,1,1,1,0
id1097,Sextortion,2025/10/2 15:28,0,0,0,0,0,0,1,0
id1098,Sextortion,2025/10/1 21:49,0,0,0,0,0,0,1,0
id1099,Sextortion,2025/9/29 5:08,0,1,1,1,1,1,1,1
id1100,Sextortion,2025/9/25 13:50,0,0,0,0,0,0,1,0
id1101,Sextortion,2025/9/25 0:48,0,1,1,1,1,1,1,0
id1102,Sextortion,2025/9/22 20:15,male,1,1,1,1,1,1,1
id1103,Sextortion,2025/9/22 13:27,0,1,0,1,0,1,1,0
id1104,Sextortion,2025/9/22 6:11,0,1,0,1,1,1,1,0
id1105,Sextortion,2025/9/21 23:47,0,1,1,1,1,1,1,0
id1106,Sextortion,2025/9/21 20:12,0,1,0,0,1,1,1,1
id1107,Sextortion,2025/9/21 17:06,0,1,0,1,1,1,1,0
id1108,Sextortion,2025/9/21 5:14,0,1,1,1,1,1,1,0
id1109,Sextortion,2025/9/20 22:16,0,1,1,1,1,1,1,1
id1110,Sextortion,2025/9/20 0:51,0,1,1,1,1,0,1,0
id1111,Sextortion,2025/9/18 15:07,0,1,1,1,1,1,1,1
id1112,Sextortion,2025/9/16 18:58,0,1,0,1,1,1,1,0
id1113,Sextortion,2025/9/16 7:09,0,1,1,1,1,1,1,1
id1114,Sextortion,2025/9/14 14:13,0,1,1,1,1,1,1,1
id1115,Sextortion,2025/9/13 20:28,male,1,1,1,1,1,1,0
id1116,Sextortion,2025/9/12 7:18,0,1,0,1,1,1,1,1
id1117,Sextortion,2025/9/11 20:32,0,1,0,1,1,1,1,1
id1118,Sextortion,2025/9/11 15:52,0,1,0,1,1,1,1,0
id1119,Sextortion,2025/9/11 14:24,0,0,0,0,0,0,1,0
id1120,Sextortion,2025/9/11 4:17,0,1,0,1,1,1,1,1
id1121,Sextortion,2025/9/9 18:20,male,1,1,1,1,1,1,0
id1122,Sextortion,2025/9/9 9:02,0,1,0,1,1,1,1,0
id1123,Sextortion,2025/9/8 2:25,0,0,0,0,0,0,1,0
id1124,Sextortion,2025/9/6 8:10,0,0,0,0,0,0,1,0
id1125,Sextortion,2025/9/5 18:57,0,1,1,1,1,1,1,1
id1126,Sextortion,2025/9/5 15:31,0,1,1,0,0,0,1,0
id1127,Sextortion,2025/9/3 5:41,male,1,1,1,1,1,1,1
id1128,Sextortion,2025/9/2 4:28,male,1,1,1,1,0,1,1
id1129,Sextortion,2025/9/1 22:14,male,1,1,1,1,1,1,1
id1130,Sextortion,2025/8/31 7:26,0,1,1,0,0,0,1,1
id1131,Sextortion,2025/8/30 10:44,0,1,1,1,1,1,1,1
id1132,Sextortion,2025/8/29 14:10,0,1,1,1,1,1,1,1
id1133,Sextortion,2025/8/28 23:43,0,1,1,1,1,1,1,1
id1134,Sextortion,2025/8/28 7:56,0,1,1,1,1,1,1,0
id1135,Sextortion,2025/8/26 9:27,male,1,1,1,1,1,1,0
id1136,Sextortion,2025/8/25 23:58,male,1,1,1,1,0,1,0
id1137,Sextortion,2025/8/25 23:45,male,1,1,0,1,0,1,0
id1138,Sextortion,2025/8/25 1:05,male,1,1,0,1,0,1,0
id1139,Sextortion,2025/8/24 11:05,0,1,1,0,1,0,1,1
id1140,Sextortion,2025/8/23 22:05,0,1,1,1,0,0,1,0
id1141,Sextortion,2025/8/22 17:12,0,1,1,1,1,0,1,0
id1142,Sextortion,2025/8/18 21:18,0,0,0,0,0,0,1,0
id1143,Sextortion,2025/8/18 6:02,0,1,1,1,1,0,1,1
id1144,Sextortion,2025/8/18 0:08,0,1,1,1,1,0,1,1
id1145,Sextortion,2025/8/17 19:43,0,1,0,1,1,0,1,0
id1146,Sextortion,2025/8/14 9:39,0,1,0,1,1,0,1,0
id1147,Sextortion,2025/8/14 0:23,0,1,1,1,0,0,1,0
id1148,Sextortion,2025/8/13 9:45,0,1,1,1,1,1,1,0
id1149,Sextortion,2025/8/12 2:20,0,1,1,1,1,1,1,1
id1150,Sextortion,2025/8/11 16:53,0,1,1,1,1,0,1,0
id1151,Sextortion,2025/8/11 3:18,0,1,1,1,1,0,1,0
id1152,Sextortion,2025/8/10 16:29,male,1,1,1,1,1,1,1
id1153,Sextortion,2025/8/9 15:19,male,1,1,1,1,1,1,1
id1154,Sextortion,2025/8/8 2:23,0,0,0,0,0,0,1,0
id1155,Sextortion,2025/8/7 10:30,0,1,1,1,1,0,1,0
id1156,SextortionHelp,2025/8/6 7:32,0,0,0,0,0,0,1,0
id1157,Sextortion,2025/8/6 2:54,0,0,0,0,0,0,1,0
id1158,Sextortion,2025/8/1 11:53,0,1,1,1,0,0,1,0
id1159,Sextortion,2025/7/31 12:22,male,1,1,1,0,0,1,0
id1160,Sextortion,2025/7/30 0:55,male,1,0,0,0,0,1,0
id1161,Sextortion,2025/7/30 0:00,male,1,1,1,1,0,1,1
id1162,Sextortion,2025/7/29 14:47,male,1,1,1,1,0,1,1
id1163,Sextortion,2025/7/29 11:16,0,1,1,1,1,0,1,0
id1164,Sextortion,2025/7/29 6:49,male,1,1,1,1,0,1,1
id1165,Sextortion,2025/7/29 2:09,male,0,0,0,0,0,1,0
id1166,Sextortion,2025/7/28 14:07,0,1,1,1,1,1,1,1
id1167,Sextortion,2025/7/26 5:56,0,1,0,0,0,0,1,0
id1168,Sextortion,2025/7/23 1:20,male,1,1,1,1,1,1,0
id1169,Sextortion,2025/7/22 15:12,0,1,1,1,1,0,1,0
id1170,Sextortion,2025/7/22 1:58,male,1,1,1,1,1,1,1
id1171,Sextortion,2025/7/21 23:11,male,1,1,1,1,1,1,1
id1172,Sextortion,2025/7/21 20:08,0,0,0,0,0,0,1,0
id1173,Sextortion,2025/7/18 21:59,0,1,1,1,1,1,1,1
id1174,Sextortion,2025/7/17 22:29,0,1,1,1,1,1,1,1
id1175,Sextortion,2025/7/15 21:17,0,1,1,1,1,1,1,1
id1176,Sextortion,2025/7/14 21:52,0,1,1,1,1,0,1,0
id1177,Sextortion,2025/7/13 19:33,0,1,1,1,1,1,1,0
id1178,Sextortion,2025/7/13 16:00,0,1,1,1,1,1,1,1
id1179,Sextortion,2025/7/12 16:25,0,1,1,1,1,1,1,0
id1180,Sextortion,2025/7/12 14:44,0,0,0,0,0,0,1,0
id1181,Sextortion,2025/7/10 20:49,0,1,1,1,1,0,1,0
id1182,Sextortion,2025/7/10 6:05,0,1,1,1,1,0,1,0
id1183,Sextortion,2025/7/8 17:32,0,1,0,1,1,1,1,0
id1184,Sextortion,2025/7/6 23:48,0,1,1,1,1,1,1,1
id1185,Sextortion,2025/7/4 0:23,0,1,1,1,1,1,1,1
id1186,Sextortion,2025/7/3 7:21,0,1,1,1,1,0,1,0
id1187,Sextortion,2025/7/3 2:30,0,0,0,0,0,0,1,0
id1188,Sextortion,2025/7/2 17:04,0,0,0,0,0,0,1,0
id1189,Sextortion,2025/6/30 19:56,0,1,0,1,1,0,1,0
id1190,Sextortion,2025/6/26 14:04,0,1,1,1,1,0,1,1
id1191,Sextortion,2025/6/25 20:30,0,1,1,1,1,1,1,0
id1192,Sextortion,2025/6/24 21:26,0,1,1,1,1,1,1,1
id1193,Sextortion,2025/6/24 3:01,0,1,1,1,1,1,1,0
id1194,Sextortion,2025/6/23 22:00,0,1,1,1,1,1,1,0
id1195,Sextortion,2025/6/22 2:06,0,0,0,0,0,0,1,0
id1196,Sextortion,2025/6/21 6:02,0,1,1,1,1,0,1,0
id1197,Sextortion,2025/6/20 13:53,0,1,1,1,1,0,1,0
id1198,Sextortion,2025/6/17 20:09,0,1,0,1,1,1,1,0
id1199,Sextortion,2025/6/17 7:19,0,1,1,1,1,1,1,0
id1200,Sextortion,2025/6/16 16:13,0,1,1,1,0,1,1,0
id1201,Sextortion,2025/6/14 5:38,0,1,1,1,1,1,1,1
id1202,Sextortion,2025/6/14 5:23,male,1,1,1,1,1,1,1
id1203,Sextortion,2025/6/13 22:01,male,1,1,1,1,1,1,0
id1204,Sextortion,2025/6/13 20:07,male,1,1,1,1,1,1,0
id1205,Sextortion,2025/6/13 14:12,male,1,1,1,1,1,1,0
id1206,Sextortion,2025/6/13 9:38,male,1,1,1,1,1,1,1
id1207,Sextortion,2025/6/10 14:53,male,1,1,1,1,1,1,1
id1208,SextortionHelp,2025/10/4 18:53,0,1,1,1,0,0,1,0
id1209,SextortionHelp,2025/7/30 16:56,0,1,1,1,1,0,1,1
id1210,Sextortion,2025/12/15 20:21,0,1,1,1,1,0,1,1
id1211,Sextortion,2025/12/8 8:36,0,1,1,1,1,0,1,1
id1212,Sextortion,2025/12/5 0:00,male,1,1,1,0,0,1,1
id1213,SextortionHelp,2025/12/3 7:10,male,1,1,1,0,0,1,1
id1214,SextortionHelp,2025/10/20 22:59,male,1,1,1,1,0,1,1
id1215,SextortionHelp,2025/10/3 5:23,male,1,1,1,0,1,1,1
id1216,SextortionHelp,2025/8/27 9:10,male,1,1,0,0,1,1,0
id1217,Sextortion,2024/8/10 17:20,0,1,1,1,1,1,1,1
id1218,Sextortion,2025/9/2 21:24,0,0,0,1,0,0,1,0
id1219,Sextortion,2025/9/1 17:50,female,1,0,1,1,0,0,0
id1220,Sextortion,2025/8/27 15:54,female,1,0,1,1,1,1,0
id1221,Sextortion,2025/8/20 11:37,0,1,0,1,1,0,1,0
id1222,Sextortion,2025/8/8 17:56,0,1,1,1,0,0,1,0
id1223,Sextortion,2025/8/4 17:02,0,1,1,1,0,0,1,0
id1224,Sextortion,2025/7/22 20:16,0,1,0,1,1,0,1,0
id1225,Sextortion,2025/7/16 16:18,0,1,0,0,1,0,0,0
id1226,Sextortion,2025/7/6 5:20,0,1,1,1,1,0,1,1
id1227,Sextortion,2025/6/23 2:09,0,1,1,1,1,0,1,0
id1228,Sextortion,2025/6/20 21:57,0,1,0,1,0,0,0,1
id1229,Sextortion,2025/6/19 13:58,0,1,0,1,1,0,0,1
id1230,Sextortion,2025/6/17 0:03,0,1,0,0,0,0,1,0
id1231,Sextortion,2025/6/16 21:38,male,1,1,1,1,0,1,1
id1232,Sextortion,2025/6/14 19:32,0,1,0,0,0,0,1,0
id1233,Sextortion,2025/6/8 23:41,0,1,0,1,1,0,1,0
id1234,Sextortion,2025/6/4 11:31,0,1,1,1,1,0,0,0
id1235,Sextortion,2025/6/3 5:31,female,1,0,1,1,0,0,0
id1236,Sextortion,2025/5/29 20:07,male,1,1,1,1,0,0,0
id1237,Sextortion,2025/5/28 5:06,0,1,1,1,1,0,0,0
id1238,Sextortion,2025/5/21 4:21,0,1,0,0,0,0,0,0
id1239,Sextortion,2025/5/14 18:15,female,1,0,1,1,1,1,0
id1240,Sextortion,2025/5/14 18:11,female,1,0,0,0,0,0,0
id1241,Sextortion,2025/5/9 2:36,0,1,0,0,0,0,0,0
id1242,Sextortion,2025/5/2 10:22,0,1,1,1,1,0,1,1
id1243,Sextortion,2025/4/23 13:33,female,1,1,1,1,0,0,0
id1244,Sextortion,2025/4/19 8:00,male,1,1,1,1,0,1,0
id1245,Sextortion,2025/4/12 20:44,0,1,0,1,1,0,0,many times
id1246,Sextortion,2025/4/8 19:56,0,0,0,0,0,0,1,0
id1247,Sextortion,2025/4/5 19:45,0,1,0,1,1,0,0,0
id1248,Sextortion,2025/3/16 19:15,male,1,0,1,1,0,1,1
id1249,Sextortion,2025/3/13 17:03,0,1,0,1,1,0,1,1
id1250,Sextortion,2025/3/13 11:47,0,1,0,1,1,0,1,1
id1251,Sextortion,2025/3/6 18:11,0,1,0,0,0,0,0,1
id1252,Sextortion,2025/3/3 0:02,0,1,1,1,1,0,1,1
id1253,Sextortion,2025/2/9 14:28,0,1,0,1,1,0,1,0
id1254,Sextortion,2025/2/3 17:35,0,1,0,1,1,0,1,1
id1255,Sextortion,2025/1/6 15:57,0,1,0,1,1,0,0,1
id1256,Sextortion,2025/1/2 6:34,0,1,0,1,1,0,1,1
id1257,Sextortion,2024/12/30 12:23,male,1,0,1,1,1,1,0
id1258,Sextortion,2024/12/21 18:09,0,1,0,1,1,0,0,1
id1259,Sextortion,2024/12/20 2:52,male,1,0,1,0,0,0,0
id1260,Sextortion,2024/12/18 23:16,female,1,0,1,1,0,1,0
id1261,Sextortion,2024/11/28 23:54,0,1,0,1,1,0,1,0
id1262,Sextortion,2024/11/26 15:46,0,1,0,1,1,0,1,many times
id1263,Sextortion,2024/11/25 12:52,0,1,0,1,1,0,1,0
id1264,Sextortion,2024/11/16 23:57,0,1,0,1,1,1,1,0
id1265,Sextortion,2024/11/7 14:42,male,1,0,1,1,1,1,1
id1266,Sextortion,2024/10/7 19:52,male,1,0,1,1,0,1,0
id1267,Sextortion,2024/9/24 1:55,male,1,1,1,1,1,1,0
id1268,Sextortion,2024/9/1 9:43,0,0,0,0,1,0,0,0
id1269,Sextortion,2024/8/30 7:30,male,1,1,1,1,0,1,1
id1270,Sextortion,2024/8/28 0:12,male,1,1,1,1,0,1,0
id1271,Sextortion,2024/7/31 14:17,0,1,0,1,1,0,1,1
id1272,Sextortion,2024/7/30 13:24,0,1,0,1,1,0,1,1
id1273,Sextortion,2024/7/27 20:54,male,1,1,1,1,0,1,0
id1274,Sextortion,2024/7/27 3:31,male,1,1,1,1,0,0,0
id1275,Sextortion,2024/7/25 5:48,male,1,1,1,1,0,1,0
id1276,Sextortion,2024/7/19 19:30,male,1,1,1,1,0,1,0
id1277,Sextortion,2024/6/5 6:21,0,1,0,0,0,0,1,0
id1278,Sextortion,2024/5/31 23:16,male,1,1,1,1,0,1,0
id1279,Sextortion,2024/5/31 16:25,male,1,1,1,1,0,1,0
id1280,Sextortion,2024/5/30 20:42,male,0,0,0,1,0,0,1
id1281,Sextortion,2024/5/27 15:13,male,1,1,1,1,0,1,0
id1282,Sextortion,2024/5/11 20:38,male,1,1,1,1,1,1,1
id1283,Sextortion,2024/5/4 20:24,male,1,1,1,1,0,1,0
id1284,Sextortion,2024/4/30 17:28,male,1,1,1,1,0,1,1
id1285,Sextortion,2024/4/30 2:48,male,1,1,1,1,0,1,0
id1286,Sextortion,2024/4/18 5:40,male,1,1,1,1,0,1,1
id1287,Sextortion,2024/4/9 23:30,male,1,1,1,1,0,1,0
id1288,Sextortion,2024/4/9 3:23,male,1,1,1,1,1,1,1
id1289,Sextortion,2024/4/7 20:42,male,1,1,1,1,0,1,0
id1290,Sextortion,2024/4/2 18:44,male,1,1,1,1,1,1,1
id1291,Sextortion,2024/3/29 13:32,male,1,1,1,1,0,1,0
id1292,Sextortion,2024/3/20 13:19,male,1,1,1,1,0,1,1
id1293,Sextortion,2024/3/16 20:38,male,1,1,1,1,1,1,1
id1294,Sextortion,2024/3/5 5:24,male,1,1,1,1,1,1,0
id1295,Sextortion,2024/3/5 0:17,0,1,1,1,1,0,1,1
id1296,Sextortion,2024/2/22 1:08,0,1,1,1,1,1,1,0
id1297,Sextortion,2024/2/15 6:59,male,1,1,1,1,0,1,0
id1298,Sextortion,2024/1/27 7:44,male,1,1,1,1,0,1,1
id1299,Sextortion,2024/1/17 1:53,male,1,1,1,1,0,1,0
id1300,Sextortion,2023/12/29 5:01,male,1,1,1,1,0,0,0
id1301,Sextortion,2023/12/27 18:37,male,1,1,0,0,0,0,0
id1302,Sextortion,2023/12/24 5:04,0,1,1,1,1,0,1,0
id1303,Sextortion,2025/9/23 0:34,0,1,1,1,1,0,0,0
id1304,Sextortion,2025/9/20 19:31,male,1,1,1,1,0,1,1
id1305,Sextortion,2025/9/11 2:34,0,1,0,1,1,0,1,1
id1306,Sextortion,2025/9/7 21:02,0,1,0,1,1,0,0,0
id1307,Sextortion,2025/9/4 1:03,0,1,1,1,1,0,1,0
id1308,Sextortion,2025/8/23 1:55,male,1,1,1,1,0,1,0
id1309,Sextortion,2025/8/14 22:19,0,1,1,1,1,0,1,1
id1310,Sextortion,2025/8/14 0:41,male,1,1,1,1,0,0,1
id1311,Sextortion,2025/8/12 12:29,male,1,1,1,1,1,1,0
id1312,Sextortion,2025/8/6 4:26,male,1,1,1,1,0,0,0
id1313,Sextortion,2025/8/5 9:09,male,1,1,1,1,0,0,0
id1314,Sextortion,2025/8/4 2:52,male,1,1,1,1,1,1,1
id1315,Sextortion,2025/7/30 16:56,0,1,0,1,1,0,1,0
id1316,Sextortion,2025/7/24 13:59,0,1,1,1,1,0,0,0
id1317,Sextortion,2025/7/17 8:41,male,1,1,1,1,0,1,1
id1318,Sextortion,2025/7/15 21:35,0,0,0,0,0,0,1,0
id1319,Sextortion,2025/7/15 11:50,0,1,0,1,1,0,1,0
id1320,Sextortion,2025/7/15 11:05,male,1,1,1,1,0,1,0
id1321,Sextortion,2025/6/22 13:44,female,1,1,1,1,1,1,0
id1322,Sextortion,2025/6/20 17:43,0,1,0,1,1,0,1,1
id1323,Sextortion,2025/6/19 15:30,0,1,0,1,1,0,0,0
id1324,Sextortion,2025/6/19 13:27,male,1,1,1,1,0,1,0
id1325,Sextortion,2025/6/5 16:49,0,1,1,1,1,0,1,0
id1326,Sextortion,2025/6/4 8:55,0,1,1,1,1,0,1,0
id1327,Sextortion,2025/5/26 7:34,0,1,0,1,1,0,0,0
id1328,Sextortion,2025/5/22 1:30,0,1,1,1,1,0,1,0
id1329,Sextortion,2025/5/14 10:35,male,1,1,1,1,0,1,1
id1330,Sextortion,2025/5/12 11:54,0,1,0,1,1,0,1,0
id1331,Sextortion,2025/5/11 0:36,0,1,1,1,1,0,1,1
id1332,Sextortion,2025/5/10 10:32,male,1,1,1,1,0,1,0
id1333,Sextortion,2025/4/27 9:56,0,1,1,1,1,0,1,1
id1334,Sextortion,2025/4/25 0:50,0,0,0,1,1,0,0,0
id1335,Sextortion,2025/4/20 15:17,male,1,1,1,1,1,1,0
id1336,Sextortion,2025/4/20 5:04,male,1,1,1,1,0,1,0
id1337,Sextortion,2025/4/16 13:32,0,1,1,1,1,1,1,0
id1338,Sextortion,2025/4/14 21:57,female,1,1,1,1,0,1,0
id1339,Sextortion,2025/4/14 21:41,female,1,1,1,1,0,1,0
id1340,Sextortion,2025/4/12 1:31,0,1,1,1,1,0,1,0
id1341, so I was open to a bit of sexting as I have been in the past?but unfortunately this time I was getting blackmailed. She had sent nude pictures of herself and I stupidly followed and then she had taken photos of my pictures on a different device to bypass Instagrams anti-screenshot failsafe,,0,1,1,1,1,0,1,0
id1342,Sextortion,2025/4/7 4:44,male,1,1,1,1,1,1,1
id1343,Sextortion,2025/4/7 3:13,0,1,1,1,1,1,1,1
id1344,Sextortion,2025/3/30 23:42,male,1,1,1,1,1,1,1
id1345,Sextortion,2025/3/28 6:05,male,1,1,1,1,0,1,0
id1346,Sextortion,2025/3/28 5:32,male,1,1,1,0,0,1,0
id1347,Sextortion,2025/3/21 2:01,male,1,1,1,1,1,1,0
id1348,Sextortion,2025/3/20 20:06,male,1,1,1,1,0,1,0
id1349,Sextortion,2025/3/18 14:42,male,1,1,1,1,0,1,0
id1350,Sextortion,2025/3/11 7:14,male,1,1,1,1,0,1,1
id1351,Sextortion,2025/3/8 4:43,male,1,1,1,1,1,1,0
id1352,Sextortion,2025/3/6 12:42,0,1,1,1,1,0,1,0
id1353,Sextortion,2025/3/4 15:50,0,1,0,1,1,0,0,0
id1354,Sextortion,2025/3/4 12:39,0,1,0,1,1,1,1,1
id1355,Sextortion,2025/3/3 23:22,0,1,0,1,1,0,1,0
id1356,Sextortion,2025/2/24 1:37,female,1,1,1,1,0,1,1
id1357,Sextortion,2025/2/13 10:51,0,1,1,1,1,1,1,1
id1358,Sextortion,2025/2/8 22:42,0,1,1,1,1,1,1,1
id1359,Sextortion,2025/2/4 23:45,male,1,1,1,1,1,1,1
id1360,Sextortion,2025/2/4 23:33,male,1,0,0,1,0,0,0
id1361,Sextortion,2025/2/3 18:02,male,1,0,1,1,0,1,0
id1362,Sextortion,2025/1/28 21:06,male,1,1,1,1,0,1,0
id1363,Sextortion,2025/1/27 10:54,0,1,1,1,1,1,1,1
id1364,Sextortion,2025/1/27 0:12,0,0,0,1,1,0,0,0
id1365,Sextortion,2025/1/26 15:45,0,1,0,1,1,0,0,1
id1366,Sextortion,2025/1/20 23:29,0,1,0,1,1,0,0,1
id1367,Sextortion,2025/1/12 22:11,0,1,1,1,1,0,1,1
id1368,Sextortion,2025/1/10 3:30,0,1,1,1,1,0,1,1
id1369,Sextortion,2024/12/30 23:48,0,1,0,1,0,0,1,1
id1370,Sextortion,2024/12/29 3:58,0,1,0,1,1,0,1,0
id1371,Sextortion,2024/12/27 15:37,0,1,1,1,1,0,0,0
id1372,Sextortion,2024/12/20 0:00,0,1,0,1,1,1,0,1
id1373,Sextortion,2024/12/16 10:38,male,1,1,1,1,0,1,1
id1374,Sextortion,2024/12/16 6:41,male,1,1,1,1,0,1,0
id1375,Sextortion,2024/12/4 12:31,female,1,1,1,1,1,0,0
id1376,Sextortion,2024/11/27 2:02,male,1,0,1,0,0,0,1
id1377,Sextortion,2024/11/26 2:07,male,1,1,1,1,0,1,0
id1378,Sextortion,2024/11/10 1:45,male,1,1,1,1,1,1,0
id1379,Sextortion,2024/11/2 4:48,0,1,1,1,1,0,1,0
id1380,Sextortion,2024/10/22 15:29,0,1,0,1,1,0,1,0
id1381,Sextortion,2024/10/13 8:31,female,1,0,1,1,1,1,0
id1382,Sextortion,2024/9/30 23:31,0,1,0,1,1,0,1,0
id1383,Sextortion,2024/9/28 0:31,0,1,0,1,1,1,1,0
id1384,Sextortion,2024/9/27 16:25,0,1,0,1,0,0,1,1
id1385,Sextortion,2024/9/23 2:12,male,1,1,1,1,1,1,1
id1386,Sextortion,2024/9/22 12:27,0,1,0,1,1,0,1,0
id1387,Sextortion,2024/9/18 19:06,0,1,0,1,1,0,1,0
id1388,Sextortion,2024/9/14 2:24,0,1,0,1,0,0,1,0
id1389,Sextortion,2024/8/28 20:49,male,1,1,1,1,1,1,1
id1390,Sextortion,2024/8/25 19:54,0,1,0,1,0,0,1,0
id1391,Sextortion,2024/8/25 11:45,0,1,0,1,0,0,1,0
id1392,Sextortion,2024/8/24 2:49,female,1,1,1,1,1,0,0
id1393,Sextortion,2024/8/16 23:04,0,1,1,1,0,0,1,0
id1394,Sextortion,2024/8/16 9:49,0,1,0,1,1,0,1,0
id1395,Sextortion,2024/8/14 4:49,male,1,1,1,1,1,1,0
id1396,Sextortion,2024/8/8 6:03,male,1,0,1,1,1,1,1
id1397,Sextortion,2024/8/8 4:46,male,1,0,1,1,1,1,1
id1398,Sextortion,2024/8/5 8:03,male,1,1,1,1,1,1,1
id1399,Sextortion,2024/8/1 0:49,male,1,1,1,1,1,1,1
id1400,Sextortion,2024/7/28 17:03,male,1,0,1,1,1,1,0
id1401,Sextortion,2024/7/21 17:08,male,1,0,1,1,1,1,0
id1402,Sextortion,2024/7/20 17:36,male,1,0,1,0,0,1,0
id1403,Sextortion,2024/7/3 6:19,male,1,1,1,1,1,1,1
id1404,Sextortion,2024/7/2 12:08,male,1,1,1,1,0,1,0
id1405,Sextortion,2024/6/28 3:05,male,1,1,1,1,1,1,1
id1406,Sextortion,2024/6/25 3:31,male,1,0,1,1,0,1,0
id1407,Sextortion,2024/6/22 23:19,male,1,0,1,1,1,1,1
id1408,Sextortion,2024/6/20 17:05,male,1,1,1,1,1,1,1
id1409,Sextortion,2024/6/20 3:16,male,1,0,1,1,0,1,0
id1410,Sextortion,2024/6/12 13:08,male,1,0,1,1,0,1,0
id1411,Sextortion,2024/6/5 8:06,male,1,0,1,1,0,1,0
id1412,Sextortion,2024/6/3 19:00,male,1,0,1,1,0,1,0
id1413,Sextortion,2024/5/27 15:12,male,1,1,1,1,0,1,0
id1414,Sextortion,2024/5/15 18:11,male,1,0,1,1,1,1,1
id1415,Sextortion,2024/5/14 3:48,male,1,0,0,0,0,1,0
id1416,Sextortion,2024/5/13 3:58,male,1,1,0,0,0,1,0
id1417,Sextortion,2024/5/7 23:13,male,1,1,1,1,1,1,1
id1418,Sextortion,2024/4/18 0:58,male,1,0,1,1,0,1,1
id1419,Sextortion,2024/4/16 17:24,male,1,0,1,0,0,1,0
id1420,Sextortion,2024/4/15 12:56,male,1,0,0,1,1,1,0
id1421,Sextortion,2024/4/15 1:33,male,1,0,1,1,1,1,1
id1422,Sextortion,2024/4/7 21:21,male,1,0,1,1,1,1,1
id1423,Sextortion,2024/4/6 1:32,male,1,0,1,1,0,0,1
id1424,Sextortion,2024/3/29 16:11,male,1,0,1,1,1,1,0
id1425,Sextortion,2024/3/24 5:06,female,1,1,1,1,1,1,0
id1426,Sextortion,2024/2/22 22:39,male,1,0,1,1,0,1,1
id1427,Sextortion,2024/2/5 20:10,male,1,0,1,1,0,1,0
id1428,Sextortion,2024/1/27 5:31,male,1,1,1,1,0,1,0
id1429,Sextortion,2024/1/12 6:55,male,1,0,1,1,0,1,1
id1430,Sextortion,2024/1/11 2:49,male,1,0,1,1,0,1,0
id1431,Sextortion,2023/12/28 9:19,male,1,0,1,1,0,1,0
id1432,Sextortion,2023/12/23 6:58,male,1,0,1,1,0,1,1
id1433,Sextortion,2025/8/13 19:23,male,1,1,1,1,0,1,0
id1434,Sextortion,2025/5/21 11:38,female,0,0,1,1,0,1,0
id1435,Sextortion,2024/1/14 2:26,male,1,1,1,1,1,1,1
id1436,Sextortion,2023/12/22 23:02,male,1,0,1,1,1,1,1
id1437,Sextortion,2025/11/25 15:29,male,1,0,1,1,0,0,0
id1438,Sextortion,2025/11/24 18:44,male,1,0,1,1,0,1,1
id1439,Sextortion,2025/11/22 7:39,male,1,0,1,1,0,1,0
id1440,Sextortion,2025/11/17 16:32,male,0,0,0,0,0,1,0
id1441,Sextortion,2025/11/10 17:05,male,1,0,1,1,0,1,0
id1442,Sextortion,2025/11/8 13:47,male,0,0,1,1,1,1,0
id1443,Sextortion,2025/11/6 6:03,male,1,0,1,1,1,1,1
id1444,Sextortion,2025/10/28 4:24,male,1,1,1,1,0,0,0
id1445,Sextortion,2025/10/27 22:55,male,0,0,1,0,0,0,0
id1446,Sextortion,2025/10/26 23:31,male,1,0,1,1,0,0,1
id1447,Sextortion,2025/10/25 9:05,male,0,0,1,0,0,0,0
id1448,Sextortion,2025/10/24 13:07,male,1,0,1,1,0,0,0
id1449,SextortionHelp,2025/10/23 21:14,female,0,0,1,0,1,0,0
id1450,Sextortion,2025/10/23 8:58,female,0,0,0,0,1,0,0
id1451,Sextortion,2025/10/23 4:36,female,0,1,1,1,1,1,0
id1452,Sextortion,2025/10/21 8:02,female,1,1,1,1,0,0,0
id1453,Sextortion,2025/10/14 15:59,male,1,0,1,1,0,1,1
id1454,Sextortion,2025/10/14 14:35,male,1,0,1,1,0,1,0
id1455,Sextortion,2025/10/12 13:44,male,1,0,0,1,0,0,0
id1456,Sextortion,2025/10/9 10:14,male,1,0,1,1,0,1,0
id1457,Sextortion,2025/10/9 8:52,male,1,0,1,1,0,1,0
id1458,Sextortion,2025/10/6 23:38,male,1,1,1,1,0,0,1
id1459,Sextortion,2025/10/4 23:40,male,1,1,1,1,0,1,0
id1460,Sextortion,2025/10/2 6:49,male,1,0,1,1,1,1,1
id1461,Sextortion,2025/10/1 9:40,male,1,0,1,1,0,1,1
id1462,Sextortion,2025/9/29 7:34,male,1,1,1,1,0,1,0
id1463,Sextortion,2025/9/26 10:19,female,0,1,1,1,1,0,0
id1464,Sextortion,2025/9/26 8:27,male,1,1,1,1,0,1,0
id1465,Sextortion,2025/9/25 14:15,male,1,1,1,1,0,1,0
id1466,Sextortion,2025/9/24 19:00,male,1,1,1,1,0,0,0
id1467,Sextortion,2025/9/23 23:47,male,1,0,0,0,1,0,0
id1468,Sextortion,2025/9/21 5:26,male,1,1,1,1,1,1,1
id1469,Sextortion,2025/9/19 9:15,male,1,1,1,1,0,0,1
id1470,Sextortion,2025/9/16 15:20,male,0,0,1,0,0,0,0
id1471,Sextortion,2025/9/15 22:07,male,1,0,1,1,0,0,1
id1472,Sextortion,2025/9/15 16:44,male,0,0,1,0,0,0,0
id1473,Sextortion,2025/9/13 13:37,male,1,0,1,1,0,0,1
id1474,Sextortion,2025/9/12 20:52,male,1,1,1,1,0,0,0
id1475,Sextortion,2025/9/12 14:55,male,0,0,1,0,0,0,0
id1476,Sextortion,2025/9/11 22:38,male,1,0,1,1,0,0,0
id1477,Sextortion,2025/9/10 15:17,male,0,0,1,0,0,0,0
id1478,Sextortion,2025/9/10 9:43,0,1,0,1,1,0,0,0
id1479,Sextortion,2025/9/9 10:04,0,1,1,1,1,0,1,1
id1480,Sextortion,2025/9/8 19:03,male,1,1,1,1,1,1,0
id1481,Sextortion,2025/9/7 19:38,male,1,0,1,1,1,1,0
id1482,Sextortion,2025/9/7 19:27,male,1,1,1,1,1,1,0
id1483,Sextortion,2025/9/7 12:15,female,1,0,1,1,0,0,0
id1484,Sextortion,2025/9/6 23:36,male,1,0,1,1,0,0,0
id1485,Sextortion,2025/9/6 19:20,female,1,1,1,1,0,0,0
id1486,Sextortion,2025/9/5 5:52,0,0,0,1,0,1,1,0
id1487,Sextortion,2025/9/4 22:17,0,1,1,1,1,0,0,0
id1488,Sextortion,2025/9/3 19:39,0,1,1,1,1,0,0,1
id1489,Sextortion,2025/9/3 8:40,male,1,1,1,1,0,1,1
id1490,Sextortion,2025/9/3 7:35,male,0,0,1,0,0,0,0
id1491,Sextortion,2025/9/2 22:24,female,1,1,1,1,0,0,0
id1492,Sextortion,2025/9/2 15:44,male,1,0,0,0,0,0,0
id1493,Sextortion,2025/9/1 18:41,male,1,0,1,1,1,0,1
id1494,Sextortion,2025/8/31 20:12,0,0,0,0,1,0,0,0
id1495,SextortionHelp,2025/6/27 15:07,male,1,1,1,1,1,0,0
id1496,Sextortion,2024/4/30 7:49,male,1,1,1,0,0,0,0
id1497,Sextortion,2024/2/20 11:52,male,1,0,0,1,0,0,0
id1498,Sextortion,2024/2/5 23:02,male,1,0,1,1,1,0,1
id1499,Sextortion,2025/9/9 1:38,male,1,1,1,1,0,0,0
id1500,Sextortion,2025/8/10 16:46,0,1,0,1,0,1,0,0
id1501,Sextortion,2025/6/16 18:24,0,1,0,0,1,1,1,0
id1502,Sextortion,2025/3/27 18:42,0,1,0,1,1,1,1,1
id1503,Sextortion,2025/3/16 4:45,0,1,1,1,1,1,1,0
id1504,Sextortion,2025/2/22 6:42,0,1,1,1,1,1,1,0
id1505,Sextortion,2024/12/14 21:39,0,1,0,0,0,1,1,0
id1506,Sextortion,2024/12/2 20:34,0,1,1,1,1,1,1,0
id1507,Sextortion,2024/11/27 12:13,0,1,0,1,1,1,1,0
id1508,Sextortion,2024/11/1 20:13,0,1,1,1,1,1,1,0
id1509,Sextortion,2024/10/11 16:48,0,1,0,1,1,0,1,1
id1510,Sextortion,2024/10/2 6:17,0,1,0,0,0,0,1,0
id1511,Sextortion,2024/10/1 15:28,0,1,1,1,1,1,1,0
id1512,Sextortion,2024/9/28 5:42,0,1,0,0,0,0,1,0
id1513,Sextortion,2024/8/13 16:41,0,1,0,1,1,1,1,1
id1514,Sextortion,2024/7/22 20:53,0,1,1,1,1,1,1,1
id1515,Sextortion,2024/7/6 12:03,0,1,0,1,1,1,1,0
id1516,Sextortion,2024/7/6 3:49,0,1,0,1,1,1,1,0
id1517,Sextortion,2024/4/30 23:53,0,1,1,1,1,1,1,0
id1518,Sextortion,2024/4/25 18:13,0,1,1,1,1,1,1,0
id1519,Sextortion,2024/4/19 14:44,male,1,0,1,0,0,1,0
id1520,Sextortion,2024/4/8 14:40,0,1,1,0,0,1,1,many times
id1521,Sextortion,2024/3/15 10:12,male,1,0,1,1,1,1,0
id1522,Sextortion,2024/2/7 3:19,0,1,0,1,1,1,1,0
id1523,Sextortion,2024/1/7 6:17,male,1,0,0,0,1,1,0
id1524,Sextortion,2024/1/6 10:57,male,1,1,0,0,1,1,0
id1525,Sextortion,2025/10/24 8:39,0,1,0,1,1,1,1,0
id1526,Sextortion,2025/10/23 18:57,male,1,1,1,1,1,1,0
id1527,Sextortion,2025/10/23 8:01,0,1,0,0,1,1,1,0
id1528,Sextortion,2025/9/22 13:12,0,0,0,0,0,1,1,0
id1529,Sextortion,2025/8/15 7:48,male,1,1,1,1,1,1,0
id1530,Sextortion,2025/8/14 8:02,0,1,0,1,0,1,1,0
id1531,Sextortion,2025/8/11 18:03,male,1,1,1,1,1,1,0
id1532,Sextortion,2025/8/10 17:32,0,1,1,1,1,1,1,1
id1533,Sextortion,2025/8/10 4:06,0,1,1,1,1,1,1,0
id1534,Sextortion,2025/7/22 20:20,0,0,0,0,0,1,1,0
id1535,Sextortion,2025/7/22 18:22,0,1,1,1,1,1,1,0
id1536,Sextortion,2025/7/19 14:38,male,1,1,1,1,1,1,0
id1537,Sextortion,2025/7/16 6:38,male,1,1,0,0,1,1,0
id1538,Sextortion,2025/7/7 12:36,male,1,1,1,1,1,1,1
id1539,Sextortion,2025/6/30 16:00,male,1,0,1,1,1,1,0
id1540,Sextortion,2025/6/27 23:23,0,1,0,1,1,1,1,many times
id1541,Sextortion,2025/6/25 3:30,male,1,0,0,0,0,1,0
id1542,Sextortion,2025/6/24 5:59,male,1,0,1,1,0,1,0
id1543,Sextortion,2025/6/23 14:43,male,1,0,0,0,0,1,0
id1544,Sextortion,2025/6/20 13:26,male,1,0,0,1,0,1,0
id1545,Sextortion,2025/6/17 6:01,female,1,1,1,1,0,1,0
id1546,Sextortion,2025/6/11 21:54,male,1,0,0,0,0,1,0
id1547,Sextortion,2025/6/5 18:16,male,1,1,1,1,0,1,0
id1548,Sextortion,2025/6/5 3:45,male,1,0,1,1,1,1,0
id1549,Sextortion,2025/6/3 21:56,male,1,0,1,1,1,1,0
id1550,Sextortion,2025/5/22 14:24,male,1,0,1,1,1,1,1
id1551,Sextortion,2025/5/16 20:13,male,1,1,1,1,1,1,0
id1552,Sextortion,2025/4/26 5:03,male,1,0,1,0,0,0,0
id1553,Sextortion,2025/4/5 18:12,male,0,0,1,0,0,1,0
id1554,Sextortion,2025/4/4 22:33,male,1,0,0,0,0,1,0
id1555,Sextortion,2025/4/3 0:59,male,1,0,1,1,1,1,0
id1556,Sextortion,2025/3/28 14:45,male,0,0,1,0,0,1,0
id1557,Sextortion,2025/3/28 8:26,male,0,0,1,0,0,1,0
id1558,Sextortion,2025/3/19 16:11,male,1,0,0,0,0,1,0
id1559,Sextortion,2025/3/11 14:00,male,1,1,1,1,1,1,0
id1560,Sextortion,2025/3/10 14:04,male,0,0,1,0,0,1,0
id1561,Sextortion,2025/2/27 23:18,male,1,0,1,1,1,1,0
id1562,Sextortion,2025/2/25 2:26,male,1,1,1,1,1,1,0
id1563,Sextortion,2025/2/17 13:52,0,0,1,0,0,0,0,0
id1564,Sextortion,2025/2/8 12:23,female,1,0,1,1,1,1,0
id1565,Sextortion,2025/1/31 8:02,0,1,1,1,1,1,1,1
id1566,Sextortion,2025/1/28 15:29,male,0,0,1,1,1,0,0
id1567,Sextortion,2025/1/10 19:58,0,1,0,1,1,0,1,0
id1568,Sextortion,2025/1/9 18:15,0,1,0,1,1,0,1,0
id1569,Sextortion,2025/1/8 23:07,0,0,1,1,0,1,1,0
id1570,Sextortion,2025/1/6 18:04,0,1,0,0,1,1,1,0
id1571,Sextortion,2024/12/21 21:33,0,1,0,0,1,1,1,0
id1572,Sextortion,2024/9/26 17:11,female,1,0,1,1,1,1,0
id1573,Sextortion,2024/9/20 23:46,0,1,1,1,1,1,1,1
id1574,Sextortion,2024/9/17 3:36,0,1,0,1,1,1,1,0
id1575,Sextortion,2024/9/16 2:07,0,1,0,0,1,1,1,0
id1576,Sextortion,2024/9/13 6:31,male,0,0,1,1,1,0,0
id1577,Sextortion,2024/9/9 3:02,male,1,0,1,1,1,0,0
id1578,Sextortion,2024/8/28 23:48,0,0,0,0,0,1,0,0
id1579,Sextortion,2024/8/17 0:08,0,1,0,0,1,1,1,0
id1580,Sextortion,2024/8/9 13:42,0,1,1,1,1,1,1,0
id1581,Sextortion,2024/8/8 15:11,male,0,1,1,1,1,1,1
id1582,Sextortion,2024/8/7 9:51,0,1,0,0,1,1,0,0
id1583,Sextortion,2024/8/3 3:33,male,1,1,1,1,1,1,1
id1584,Sextortion,2024/7/26 20:13,male,0,0,1,1,1,1,0
id1585,Sextortion,2024/7/24 9:15,0,0,0,1,1,1,1,1
id1586,Sextortion,2024/7/19 19:16,male,0,0,1,1,0,1,0
id1587,Sextortion,2024/7/8 0:25,0,0,0,1,0,0,1,0
id1588,Sextortion,2024/7/7 1:04,0,0,1,1,1,1,1,0
id1589,Sextortion,2024/6/29 2:19,female,0,1,1,1,1,0,0
id1590,Sextortion,2024/6/25 22:13,0,0,0,1,1,1,1,0
id1591,Sextortion,2024/6/9 20:36,0,0,0,1,1,1,0,0
id1592,Sextortion,2024/5/24 4:10,male,0,0,0,1,0,1,0
id1593,Sextortion,2024/5/19 21:13,male,1,1,1,1,0,1,0
id1594,Sextortion,2024/5/13 17:53,male,1,0,1,1,1,1,0
id1595,Sextortion,2024/5/10 23:52,0,0,0,0,0,1,0,0
id1596,Sextortion,2024/5/9 19:43,0,0,1,1,1,1,1,1
id1597,Sextortion,2024/4/19 0:45,male,0,1,1,1,0,1,0
id1598,Sextortion,2024/4/8 0:32,male,0,1,1,1,1,1,1
id1599,Sextortion,2024/4/1 18:35,male,0,1,1,1,1,1,1
id1600,Sextortion,2024/3/27 21:43,0,0,0,1,1,1,1,0
id1601,Sextortion,2024/3/21 16:08,male,0,1,1,1,1,1,0
id1602,Sextortion,2024/3/6 18:41,0,0,0,0,1,1,1,1
id1603,Sextortion,2024/3/6 5:13,0,0,0,0,1,1,1,1
id1604,Sextortion,2024/3/3 7:27,male,0,0,0,1,1,1,1
id1605,Sextortion,2024/2/28 4:33,0,1,1,1,1,1,1,0
id1606,Sextortion,2024/2/16 21:49,0,0,0,1,1,1,0,1
id1607,Sextortion,2024/2/10 2:15,0,1,0,1,1,1,1,1
id1608,Sextortion,2024/2/7 19:29,0,1,0,1,1,1,1,0
id1609,Sextortion,2024/1/18 20:58,0,1,0,1,1,0,0,0
id1610,Sextortion,2024/1/12 15:53,0,1,0,1,1,1,1,1
id1611,Sextortion,2024/1/12 2:59,0,1,0,1,1,0,0,0
id1612,Sextortion,2023/12/28 23:00,0,1,1,1,1,1,1,1
id1613,Sextortion,2023/12/28 10:02,0,1,0,1,1,1,1,1
id1614,Sextortion,2023/12/28 1:49,male,0,0,1,0,0,0,0
id1615,Sextortion,2023/12/21 16:44,male,1,0,1,1,1,1,1
id1616,Sextortion,2025/8/21 22:23,male,1,1,1,1,1,1,0
id1617,Sextortion,2025/8/21 15:42,0,1,0,1,1,1,1,0
id1618,Sextortion,2025/8/13 12:39,0,1,0,1,1,1,0,0
id1619,Sextortion,2025/7/30 11:59,0,0,1,1,0,0,0,0
id1620,Sextortion,2025/7/24 4:30,0,0,0,1,1,1,0,0
id1621,Sextortion,2025/7/20 14:56,female,0,0,0,0,1,0,0
id1622,Sextortion,2025/7/13 15:47,0,0,1,1,1,1,1,0
id1623,Sextortion,2025/7/12 16:20,0,0,0,1,1,0,0,0
id1624,Sextortion,2025/7/6 23:35,0,1,0,1,1,1,1,1
id1625,Sextortion,2025/7/2 9:16,0,1,0,1,1,0,1,0
id1626,Sextortion,2025/6/26 23:19,0,1,0,1,1,1,1,0
id1627,Sextortion,2025/6/14 21:36,0,1,0,0,1,1,0,0
id1628,Sextortion,2025/6/12 20:15,0,0,1,1,0,0,0,0
id1629,Sextortion,2025/5/29 21:52,0,1,0,1,1,1,0,0
id1630,Sextortion,2025/5/9 8:58,0,1,0,1,1,1,1,0
id1631,Sextortion,2025/4/28 8:58,0,1,0,1,1,1,1,1
id1632,Sextortion,2025/4/2 12:21,male,1,0,1,1,1,1,0
id1633,Sextortion,2025/4/1 5:13,0,1,0,1,1,1,1,0
id1634,Sextortion,2025/3/30 19:52,0,1,1,1,1,1,0,1
id1635,Sextortion,2025/3/7 8:53,0,1,0,1,1,1,0,0
id1636,Sextortion,2025/3/6 12:30,0,1,1,1,1,1,0,0
id1637,Sextortion,2025/2/10 12:57,male,0,1,0,0,1,0,0
id1638,Sextortion,2025/1/24 13:39,0,0,0,0,0,1,0,0
id1639,Sextortion,2025/1/3 15:08,0,1,0,1,1,1,1,1
id1640,Sextortion,2024/12/5 7:59,female,0,1,1,1,0,0,0
id1641,Sextortion,2024/10/25 17:20,0,1,1,1,1,1,1,0
id1642,Sextortion,2024/10/4 17:46,0,1,0,0,1,0,0,0
id1643,Sextortion,2024/9/25 16:31,0,1,1,1,1,1,1,0
id1644,Sextortion,2024/9/24 21:42,0,1,0,1,1,1,0,0
id1645,Sextortion,2024/9/20 3:43,male,1,1,1,1,1,1,0
id1646,Sextortion,2024/9/16 14:09,female,1,1,1,1,1,1,0
id1647,Sextortion,2024/9/4 7:03,0,1,0,1,1,1,1,0
id1648,Sextortion,2024/8/31 11:24,0,1,1,1,1,1,1,0
id1649,Sextortion,2024/8/31 9:59,0,1,0,1,1,1,1,0
id1650,Sextortion,2024/8/13 17:13,0,1,0,0,1,1,1,0
id1651,Sextortion,2024/8/13 14:27,0,1,1,1,1,1,1,0
id1652,Sextortion,2024/7/26 5:00,0,0,0,1,1,1,0,0
id1653,Sextortion,2024/7/15 12:46,0,1,0,1,1,1,0,0
id1654,Sextortion,2024/7/7 20:20,0,1,0,1,1,1,1,0
id1655,Sextortion,2024/4/5 2:51,0,1,0,0,1,0,0,0
id1656,Sextortion,2024/3/16 16:41,0,1,0,0,0,0,1,0
id1657,Sextortion,2024/3/14 19:38,0,0,1,1,1,1,0,0
id1658,Sextortion,2024/3/10 1:42,0,1,0,0,1,1,0,0
id1659,Sextortion,2024/1/21 4:45,0,0,1,1,1,1,1,1
id1660,Sextortion,2024/1/20 8:37,0,0,1,1,1,1,1,0
id1661,Sextortion,2025/11/19 14:10,0,1,0,1,1,1,1,1
id1662,Sextortion,2025/11/6 9:30,0,0,1,1,0,1,1,0
id1663,Sextortion,2025/10/12 21:51,0,0,1,1,1,1,1,0
id1664,Sextortion,2025/10/7 7:07,0,0,0,1,1,1,1,0
id1665,Sextortion,2025/10/5 1:51,0,0,1,1,1,1,1,0
id1666,Sextortion,2025/9/23 18:17,0,0,0,0,1,1,1,0
id1667,Sextortion,2025/9/17 8:01,0,0,0,1,1,1,1,1
id1668,Sextortion,2025/9/16 2:44,0,0,0,1,1,1,1,0
id1669,Sextortion,2025/9/15 0:31,0,0,0,1,1,1,1,0
id1670,Sextortion,2025/9/6 11:39,0,0,0,1,1,1,1,0
id1671,Sextortion,2025/9/5 5:16,0,0,1,1,1,1,1,0
id1672,Sextortion,2025/9/4 19:27,0,1,0,1,1,1,1,0
id1673,Sextortion,2025/9/4 2:30,0,1,0,0,0,0,0,0
id1674,Sextortion,2025/9/3 3:21,0,0,1,1,1,1,1,0
id1675,Sextortion,2025/9/1 12:53,0,0,0,0,1,1,1,0
id1676,Sextortion,2025/8/27 19:49,0,0,0,1,1,1,1,1
id1677,Sextortion,2025/8/24 22:07,0,0,0,1,1,1,1,0
id1678,Sextortion,2025/8/17 21:10,0,0,0,1,1,1,1,0
id1679,Sextortion,2025/8/9 1:11,0,0,0,1,1,1,1,0
id1680,Sextortion,2025/8/4 22:29,0,1,0,1,1,1,1,1
id1681,Sextortion,2025/8/3 1:51,0,1,0,1,1,1,1,1
id1682,Sextortion,2025/7/29 7:40,0,1,0,1,1,1,1,0
id1683,Sextortion,2025/7/27 22:09,0,0,0,0,1,1,1,0
id1684,Sextortion,2025/7/26 12:15,0,1,0,1,1,1,1,1
id1685,Sextortion,2025/7/22 11:34,0,1,1,1,1,1,1,1
id1686,Sextortion,2025/7/21 6:57,0,1,0,0,1,1,1,0
id1687,Sextortion,2025/7/19 7:33,0,0,1,1,1,1,0,0
id1688,Sextortion,2025/7/17 13:26,0,1,1,1,1,1,1,1
id1689,Sextortion,2025/7/17 11:26,0,1,0,1,1,1,1,0
id1690,Sextortion,2025/7/16 19:27,0,1,1,1,1,1,1,0
id1691,Sextortion,2025/7/6 0:08,0,1,0,1,1,0,0,0
id1692,Sextortion,2025/7/4 9:03,0,1,0,1,1,1,1,0
id1693,Sextortion,2025/7/3 9:43,0,0,1,1,1,1,0,1
id1694,Sextortion,2025/6/29 11:15,0,1,1,1,1,1,0,1
id1695,Sextortion,2025/6/22 20:24,0,1,0,1,1,1,1,1
id1696,Sextortion,2025/6/19 10:29,0,1,0,1,1,1,1,1
id1697,Sextortion,2025/6/17 18:31,0,1,0,1,1,1,1,1
id1698,Sextortion,2025/6/17 11:13,0,1,0,1,1,1,1,0
id1699,Sextortion,2025/6/11 18:11,0,1,0,1,1,1,1,0
id1700,Sextortion,2025/6/8 18:50,0,0,0,1,1,1,1,0
id1701,Sextortion,2025/6/7 13:22,0,1,1,1,1,1,1,0
id1702,Sextortion,2025/6/4 0:15,0,1,0,0,1,1,1,0
id1703,Sextortion,2025/6/1 5:05,0,1,0,1,1,1,1,1
id1704,Sextortion,2025/5/30 5:31,0,1,0,1,1,1,1,0
id1705,Sextortion,2025/5/30 4:41,0,1,0,1,1,1,1,0
id1706,Sextortion,2025/5/28 7:15,0,1,0,1,1,1,1,0
id1707,Sextortion,2025/5/25 4:11,0,0,1,1,1,1,1,0
id1708,Sextortion,2025/5/23 2:17,0,0,1,1,1,1,1,0
id1709,Sextortion,2025/5/22 6:33,0,0,1,1,1,1,1,0
id1710,Sextortion,2025/5/20 9:05,0,0,1,1,1,1,1,0
id1711,Sextortion,2025/5/18 5:00,0,0,1,1,1,1,1,0
id1712,Sextortion,2025/5/16 23:49,0,0,1,1,1,1,1,1
id1713,Sextortion,2025/5/16 10:32,0,0,1,1,1,1,1,1
id1714,Sextortion,2025/5/15 3:12,0,0,1,1,1,1,1,0
id1715,Sextortion,2025/5/14 18:03,0,0,1,1,1,1,1,0
id1716,Sextortion,2025/5/13 19:13,0,0,0,0,0,1,0,0
id1717,Sextortion,2025/5/10 2:59,male,0,1,1,1,1,1,0
id1718,Sextortion,2025/5/4 7:46,0,0,0,1,1,1,1,0
id1719,Sextortion,2025/4/25 19:03,0,0,1,1,1,1,1,1
id1720,Sextortion,2025/4/22 21:23,male,0,1,1,1,1,1,0
id1721,Sextortion,2025/4/15 11:16,0,0,1,1,1,1,0,0
id1722,Sextortion,2025/4/14 2:06,male,0,1,1,1,1,1,0
id1723,Sextortion,2025/4/13 19:35,0,0,1,1,1,1,1,0
id1724,Sextortion,2025/4/12 13:44,0,0,1,1,1,1,1,0
id1725,Sextortion,2025/4/12 12:04,0,0,1,1,1,1,1,0
id1726,Sextortion,2025/4/11 1:39,0,0,1,1,0,1,1,0
id1727,Sextortion,2025/4/10 13:49,0,0,1,1,1,1,1,0
id1728,Sextortion,2025/4/6 11:06,0,0,1,1,1,1,1,0
id1729,Sextortion,2025/4/4 15:54,0,0,1,1,1,1,1,0
id1730,Sextortion,2025/4/4 1:08,0,0,1,1,1,1,1,1
id1731,Sextortion,2025/4/2 15:43,0,0,1,1,1,1,1,0
id1732,Sextortion,2025/3/19 10:40,0,0,1,1,1,1,1,1
id1733,Sextortion,2025/3/18 15:04,0,0,1,1,1,1,1,0
id1734,Sextortion,2025/3/17 3:53,male,1,1,1,1,1,1,1
id1735,Sextortion,2025/3/15 17:09,0,1,1,1,0,1,0,0
id1736,Sextortion,2025/3/15 12:34,0,1,1,1,1,1,1,1
id1737,Sextortion,2025/3/7 15:52,0,0,0,1,1,1,1,0
id1738,Sextortion,2025/3/6 3:45,0,0,1,1,1,1,0,0
id1739,Sextortion,2025/2/18 19:54,0,0,0,0,0,1,0,0
id1740,Sextortion,2025/2/10 20:05,0,1,0,1,1,1,1,0
id1741,Sextortion,2025/2/10 4:30,0,0,0,1,1,1,1,0
id1742,Sextortion,2025/2/8 16:44,0,0,1,1,1,1,0,1
id1743,Sextortion,2025/2/7 14:53,0,1,0,1,1,1,1,0
id1744,Sextortion,2025/2/5 10:06,0,0,0,0,1,1,1,0
id1745,Sextortion,2025/2/2 1:13,0,0,0,1,1,1,1,0
id1746,Sextortion,2025/1/29 21:14,0,0,1,1,1,1,1,1
id1747,Sextortion,2025/1/27 11:14,0,0,0,1,0,0,1,0
id1748,Sextortion,2025/1/19 13:39,0,0,1,1,0,1,0,0
id1749,Sextortion,2025/1/16 20:23,0,0,0,1,1,0,1,0
id1750,Sextortion,2025/1/13 2:34,male,1,0,1,1,1,1,0
id1751,Sextortion,2025/1/10 2:57,0,1,0,0,1,0,1,0
id1752,Sextortion,2025/1/8 19:40,0,1,0,1,1,1,1,1
id1753,Sextortion,2025/1/3 1:28,0,1,0,1,1,0,0,1
id1754,Sextortion,2025/1/2 22:58,0,0,1,1,1,0,0,0
id1755,Sextortion,2024/12/24 18:21,0,1,0,1,1,0,1,0
id1756,Sextortion,2024/12/18 0:32,female,1,0,1,1,1,1,0
id1757,Sextortion,2024/12/12 3:36,0,0,0,1,0,0,1,0
id1758,Sextortion,2024/12/11 20:31,0,1,0,1,1,0,0,0
id1759,Sextortion,2024/12/10 22:28,0,0,0,1,1,0,0,0
id1760,Sextortion,2024/12/8 9:39,0,0,0,1,1,1,1,1
id1761,Sextortion,2025/11/14 18:02,0,0,0,0,0,0,1,0
id1762,Sextortion,2025/2/17 11:22,0,0,0,0,0,1,0,0
id1763,Sextortion,2024/9/4 22:18,0,0,1,1,1,1,1,1
id1764,Sextortion,2024/6/19 6:20,0,0,0,1,1,0,0,1
id1765,Sextortion,2024/6/13 5:19,0,0,0,1,1,0,1,0
id1766,Sextortion,2024/5/18 15:35,0,0,1,0,0,0,0,0
id1767,Sextortion,2025/11/22 4:55,0,0,1,1,1,1,1,1
id1768,Sextortion,2025/11/14 21:08,male,0,0,0,0,1,0,0
id1769,Sextortion,2025/10/26 8:28,male,0,0,0,0,1,0,0
id1770,Sextortion,2025/10/2 16:30,0,1,0,1,1,1,0,0
id1771,Sextortion,2025/9/24 10:41,0,1,1,1,1,1,1,0
id1772,Sextortion,2025/9/20 15:04,0,0,1,0,1,1,1,1
id1773,Sextortion,2025/9/16 19:14,0,0,1,1,1,1,1,1
id1774,Sextortion,2025/9/16 12:18,0,0,0,1,1,1,1,1
id1775,Sextortion,2025/9/9 0:54,0,0,1,1,1,1,1,1
id1776,Sextortion,2025/8/22 20:46,0,0,0,0,0,1,0,0
